Workbook

Sheet AoS Advanced Simulator
A1: Age of Sigmar Advanced Combat Simulator
A3: Number of Attacks (max 30) | B3: 12 | D3: Average Damage | E3: =AVERAGE(B120:B1119) -> 12.48
A4: Hit roll needed | B4: 4 | D4: Min Damage | E4: =MIN(B120:B1119) -> 0
A5: Wound roll needed | B5: 2 | D5: Max Damage | E5: =MAX(B120:B1119) -> 27
A6: Enemy Save | B6: 4 | D6: Kill Probability | E6: =COUNTIF(B120:B1119,">="&B16)/1000 -> 0.073
A7: Rend | B7: -2
A8: Ward Save (0 if none) | B8: 0
A9: Damage Type (1=Fixed,2=D3,3=D6) | B9: 1
A10: Fixed Damage | B10: 3
A11: Mortal Wound on Hit 6 (0=no,1=yes) | B11: 0
A12: Reroll Hits (0=no,1=yes) | B12: 0
A13: Reroll Wounds (0=no,1=yes) | B13: 0
A14: All-out Attack (0=no,1=yes) | B14: 0
A15: All-out Defense (0=no,1=yes) | B15: 0
A16: Target Wounds (kill probability) | B16: 21
H29: Damage | I29: Frequency
H30: 0 | I30: =COUNTIF(B120:B1119,0) -> 3
H31: 1 | I31: =COUNTIF(B120:B1119,1) -> 0
H32: 2 | I32: =COUNTIF(B120:B1119,2) -> 0
H33: 3 | I33: =COUNTIF(B120:B1119,3) -> 39
H34: 4 | I34: =COUNTIF(B120:B1119,4) -> 0
H35: 5 | I35: =COUNTIF(B120:B1119,5) -> 0
H36: 6 | I36: =COUNTIF(B120:B1119,6) -> 106
H37: 7 | I37: =COUNTIF(B120:B1119,7) -> 0
H38: 8 | I38: =COUNTIF(B120:B1119,8) -> 0
H39: 9 | I39: =COUNTIF(B120:B1119,9) -> 201
H40: 10 | I40: =COUNTIF(B120:B1119,10) -> 0
H41: 11 | I41: =COUNTIF(B120:B1119,11) -> 0
H42: 12 | I42: =COUNTIF(B120:B1119,12) -> 244
H43: 13 | I43: =COUNTIF(B120:B1119,13) -> 0
H44: 14 | I44: =COUNTIF(B120:B1119,14) -> 0
H45: 15 | I45: =COUNTIF(B120:B1119,15) -> 202
H46: 16 | I46: =COUNTIF(B120:B1119,16) -> 0
H47: 17 | I47: =COUNTIF(B120:B1119,17) -> 0
H48: 18 | I48: =COUNTIF(B120:B1119,18) -> 132
H49: 19 | I49: =COUNTIF(B120:B1119,19) -> 0
H50: 20 | I50: =COUNTIF(B120:B1119,20) -> 0
H51: 21 | I51: =COUNTIF(B120:B1119,21) -> 59
H52: 22 | I52: =COUNTIF(B120:B1119,22) -> 0
H53: 23 | I53: =COUNTIF(B120:B1119,23) -> 0
H54: 24 | I54: =COUNTIF(B120:B1119,24) -> 11
H55: 25 | I55: =COUNTIF(B120:B1119,25) -> 0
H56: 26 | I56: =COUNTIF(B120:B1119,26) -> 0
H57: 27 | I57: =COUNTIF(B120:B1119,27) -> 3
H58: 28 | I58: =COUNTIF(B120:B1119,28) -> 0
H59: 29 | I59: =COUNTIF(B120:B1119,29) -> 0
H60: 30 | I60: =COUNTIF(B120:B1119,30) -> 0
H61: 31 | I61: =COUNTIF(B120:B1119,31) -> 0
H62: 32 | I62: =COUNTIF(B120:B1119,32) -> 0
H63: 33 | I63: =COUNTIF(B120:B1119,33) -> 0
H64: 34 | I64: =COUNTIF(B120:B1119,34) -> 0
H65: 35 | I65: =COUNTIF(B120:B1119,35) -> 0
H66: 36 | I66: =COUNTIF(B120:B1119,36) -> 0
H67: 37 | I67: =COUNTIF(B120:B1119,37) -> 0
H68: 38 | I68: =COUNTIF(B120:B1119,38) -> 0
H69: 39 | I69: =COUNTIF(B120:B1119,39) -> 0
H70: 40 | I70: =COUNTIF(B120:B1119,40) -> 0
A119: Sim | B119: TotalDamage | C119: A1 | D119: A2 | E119: A3 | F119: A4 | G119: A5 | H119: A6 | I119: A7 | J119: A8 | K119: A9 | L119: A10 | M119: A11 | N119: A12 | O119: A13 | P119: A14 | Q119: A15 | R119: A16 | S119: A17 | T119: A18 | U119: A19 | V119: A20 | W119: A21 | X119: A22 | Y119: A23 | Z119: A24 | AA119: A25 | AB119: A26 | AC119: A27 | AD119: A28 | AE119: A29 | AF119: A30
A120: 1 | B120: =SUM(C120:AF120) -> 15 | C120: =IF(1>$B$3,0, IF(RANDBETWEEN(1,6)+$B$14<$B$4, IF($B$12=1,IF(RANDBETWEEN(1,6)+$B$14<$B$4,0,1),0), IF($B$11=1,IF(RANDBETWEEN(1,6)=6,1,0),0)+ IF(RANDBETWEEN(1,6)<$B$5, IF($B$13=1,IF(RANDBETWEEN(1,6)<$B$5,0,1),0), IF(RANDBETWEEN(1,6)>=($B$6-$B$7+$B$15),0, IF($B$8>0,IF(RANDBETWEEN(1,6)>=$B$8,0, IF($B$9=1,$B$10,IF($B$9=2,RANDBETWEEN(1,3),RANDBETWEEN(1,6)))), IF($B$9=1,$B$10,IF($B$9=2,RANDBETWEEN(1,3),RANDBETWEEN(1,6)))))))) -> 0 | D120: =IF(2>$B$3,0, IF(RANDBETWEEN(1,6)+$B$14<$B$4, IF($B$12=1,IF(RANDBETWEEN(1,6)+$B$14<$B$4,0,1),0), IF($B$11=1,IF(RANDBETWEEN(1,6)=6,1,0),0)+ IF(RANDBETWEEN(1,6)<$B$5, IF($B$13=1,IF(RANDBETWEEN(1,6)<$B$5,0,1),0), IF(RANDBETWEEN(1,6)>=($B$6-$B$7+$B$15),0, IF($B$8>0,IF(RANDBETWEEN(1,6)>=$B$8,0, IF($B$9=1,$B$10,IF($B$9=2,RANDBETWEEN(1,3),RANDBETWEEN(1,6)))), IF($B$9=1,$B$10,IF($B$9=2,RANDBETWEEN(1,3),RANDBETWEEN(1,6)))))))) -> 0 | E120: =IF(3>$B$3,0, IF(RANDBETWEEN(1,6)+$B$14<$B$4, IF($B$12=1,IF(RANDBETWEEN(1,6)+$B$14<$B$4,0,1),0), IF($B$11=1,IF(RANDBETWEEN(1,6)=6,1,0),0)+ IF(RANDBETWEEN(1,6)<$B$5, IF($B$13=1,IF(RANDBETWEEN(1,6)<$B$5,0,1),0), IF(RANDBETWEEN(1,6)>=($B$6-$B$7+$B$15),0, IF($B$8>0,IF(RANDBETWEEN(1,6)>=$B$8,0, IF($B$9=1,$B$10,IF($B$9=2,RANDBETWEEN(1,3),RANDBETWEEN(1,6)))), IF($B$9=1,$B$10,IF($B$9=2,RANDBETWEEN(1,3),RANDBETWEEN(1,6)))))))) -> 3 | F120: =IF(4>$B$3,0, IF(RANDBETWEEN(1,6)+$B$14<$B$4, IF($B$12=1,IF(RANDBETWEEN(1,6)+$B$14<$B$4,0,1),0), IF($B$11=1,IF(RANDBETWEEN(1,6)=6,1,0),0)+ IF(RANDBETWEEN(1,6)<$B$5, IF($B$13=1,IF(RANDBETWEEN(1,6)<$B$5,0,1),0), IF(RANDBETWEEN(1,6)>=($B$6-$B$7+$B$15),0, IF($B$8>0,IF(RANDBETWEEN(1,6)>=$B$8,0, IF($B$9=1,$B$10,IF($B$9=2,RANDBETWEEN(1,3),RANDBETWEEN(1,6)))), IF($B$9=1,$B$10,IF($B$9=2,RANDBETWEEN(1,3),RANDBETWEEN(1,6)))))))) -> 0 | G120: =IF(5>$B$3,0, IF(RANDBETWEEN(1,6)+$B$14<$B$4, IF($B$12=1,IF(RANDBETWEEN(1,6)+$B$14<$B$4,0,1),0), IF($B$11=1,IF(RANDBETWEEN(1,6)=6,1,0),0)+ IF(RANDBETWEEN(1,6)<$B$5, IF($B$13=1,IF(RANDBETWEEN(1,6)<$B$5,0,1),0), IF(RANDBETWEEN(1,6)>=($B$6-$B$7+$B$15),0, IF($B$8>0,IF(RANDBETWEEN(1,6)>=$B$8,0, IF($B$9=1,$B$10,IF($B$9=2,RANDBETWEEN(1,3),RANDBETWEEN(1,6)))), IF($B$9=1,$B$10,IF($B$9=2,RANDBETWEEN(1,3),RANDBETWEEN(1,6)))))))) -> 0 | H120: =IF(6>$B$3,0, IF(RANDBETWEEN(1,6)+$B$14<$B$4, IF($B$12=1,IF(RANDBETWEEN(1,6)+$B$14<$B$4,0,1),0), IF($B$11=1,IF(RANDBETWEEN(1,6)=6,1,0),0)+ IF(RANDBETWEEN(1,6)<$B$5, IF($B$13=1,IF(RANDBETWEEN(1,6)<$B$5,0,1),0), IF(RANDBETWEEN(1,6)>=($B$6-$B$7+$B$15),0, IF($B$8>0,IF(RANDBETWEEN(1,6)>=$B$8,0, IF($B$9=1,$B$10,IF($B$9=2,RANDBETWEEN(1,3),RANDBETWEEN(1,6)))), IF($B$9=1,$B$10,IF($B$9=2,RANDBETWEEN(1,3),RANDBETWEEN(1,6)))))))) -> 3 | I120: =IF(7>$B$3,0, IF(RANDBETWEEN(1,6)+$B$14<$B$4, IF($B$12=1,IF(RANDBETWEEN(1,6)+$B$14<$B$4,0,1),0), IF($B$11=1,IF(RANDBETWEEN(1,6)=6,1,0),0)+ IF(RANDBETWEEN(1,6)<$B$5, IF($B$13=1,IF(RANDBETWEEN(1,6)<$B$5,0,1),0), IF(RANDBETWEEN(1,6)>=($B$6-$B$7+$B$15),0, IF($B$8>0,IF(RANDBETWEEN(1,6)>=$B$8,0, IF($B$9=1,$B$10,IF($B$9=2,RANDBETWEEN(1,3),RANDBETWEEN(1,6)))), IF($B$9=1,$B$10,IF($B$9=2,RANDBETWEEN(1,3),RANDBETWEEN(1,6)))))))) -> 3 | J120: =IF(8>$B$3,0, IF(RANDBETWEEN(1,6)+$B$14<$B$4, IF($B$12=1,IF(RANDBETWEEN(1,6)+$B$14<$B$4,0,1),0), IF($B$11=1,IF(RANDBETWEEN(1,6)=6,1,0),0)+ IF(RANDBETWEEN(1,6)<$B$5, IF($B$13=1,IF(RANDBETWEEN(1,6)<$B$5,0,1),0), IF(RANDBETWEEN(1,6)>=($B$6-$B$7+$B$15),0, IF($B$8>0,IF(RANDBETWEEN(1,6)>=$B$8,0, IF($B$9=1,$B$10,IF($B$9=2,RANDBETWEEN(1,3),RANDBETWEEN(1,6)))), IF($B$9=1,$B$10,IF($B$9=2,RANDBETWEEN(1,3),RANDBETWEEN(1,6)))))))) -> 0 | K120: =IF(9>$B$3,0, IF(RANDBETWEEN(1,6)+$B$14<$B$4, IF($B$12=1,IF(RANDBETWEEN(1,6)+$B$14<$B$4,0,1),0), IF($B$11=1,IF(RANDBETWEEN(1,6)=6,1,0),0)+ IF(RANDBETWEEN(1,6)<$B$5, IF($B$13=1,IF(RANDBETWEEN(1,6)<$B$5,0,1),0), IF(RANDBETWEEN(1,6)>=($B$6-$B$7+$B$15),0, IF($B$8>0,IF(RANDBETWEEN(1,6)>=$B$8,0, IF($B$9=1,$B$10,IF($B$9=2,RANDBETWEEN(1,3),RANDBETWEEN(1,6)))), IF($B$9=1,$B$10,IF($B$9=2,RANDBETWEEN(1,3),RANDBETWEEN(1,6)))))))) -> 3 | L120: =IF(10>$B$3,0, IF(RANDBETWEEN(1,6)+$B$14<$B$4, IF($B$12=1,IF(RANDBETWEEN(1,6)+$B$14<$B$4,0,1),0), IF($B$11=1,IF(RANDBETWEEN(1,6)=6,1,0),0)+ IF(RANDBETWEEN(1,6)<$B$5, IF($B$13=1,IF(RANDBETWEEN(1,6)<$B$5,0,1),0), IF(RANDBETWEEN(1,6)>=($B$6-$B$7+$B$15),0, IF($B$8>0,IF(RANDBETWEEN(1,6)>=$B$8,0, IF($B$9=1,$B$10,IF($B$9=2,RANDBETWEEN(1,3),RANDBETWEEN(1,6)))), IF($B$9=1,$B$10,IF($B$9=2,RANDBETWEEN(1,3),RANDBETWEEN(1,6)))))))) -> 3 | M120: =IF(11>$B$3,0, IF(RANDBETWEEN(1,6)+$B$14<$B$4, IF($B$12=1,IF(RANDBETWEEN(1,6)+$B$14<$B$4,0,1),0), IF($B$11=1,IF(RANDBETWEEN(1,6)=6,1,0),0)+ IF(RANDBETWEEN(1,6)<$B$5, IF($B$13=1,IF(RANDBETWEEN(1,6)<$B$5,0,1),0), IF(RANDBETWEEN(1,6)>=($B$6-$B$7+$B$15),0, IF($B$8>0,IF(RANDBETWEEN(1,6)>=$B$8,0, IF($B$9=1,$B$10,IF($B$9=2,RANDBETWEEN(1,3),RANDBETWEEN(1,6)))), IF($B$9=1,$B$10,IF($B$9=2,RANDBETWEEN(1,3),RANDBETWEEN(1,6)))))))) -> 0 | N120: =IF(12>$B$3,0, IF(RANDBETWEEN(1,6)+$B$14<$B$4, IF($B$12=1,IF(RANDBETWEEN(1,6)+$B$14<$B$4,0,1),0), IF($B$11=1,IF(RANDBETWEEN(1,6)=6,1,0),0)+ IF(RANDBETWEEN(1,6)<$B$5, IF($B$13=1,IF(RANDBETWEEN(1,6)<$B$5,0,1),0), IF(RANDBETWEEN(1,6)>=($B$6-$B$7+$B$15),0, IF($B$8>0,IF(RANDBETWEEN(1,6)>=$B$8,0, IF($B$9=1,$B$10,IF($B$9=2,RANDBETWEEN(1,3),RANDBETWEEN(1,6)))), IF($B$9=1,$B$10,IF($B$9=2,RANDBETWEEN(1,3),RANDBETWEEN(1,6)))))))) -> 0 | O120: =IF(13>$B$3,0, IF(RANDBETWEEN(1,6)+$B$14<$B$4, IF($B$12=1,IF(RANDBETWEEN(1,6)+$B$14<$B$4,0,1),0), IF($B$11=1,IF(RANDBETWEEN(1,6)=6,1,0),0)+ IF(RANDBETWEEN(1,6)<$B$5, IF($B$13=1,IF(RANDBETWEEN(1,6)<$B$5,0,1),0), IF(RANDBETWEEN(1,6)>=($B$6-$B$7+$B$15),0, IF($B$8>0,IF(RANDBETWEEN(1,6)>=$B$8,0, IF($B$9=1,$B$10,IF($B$9=2,RANDBETWEEN(1,3),RANDBETWEEN(1,6)))), IF($B$9=1,$B$10,IF($B$9=2,RANDBETWEEN(1,3),RANDBETWEEN(1,6)))))))) -> 0 | P120: =IF(14>$B$3,0, IF(RANDBETWEEN(1,6)+$B$14<$B$4, IF($B$12=1,IF(RANDBETWEEN(1,6)+$B$14<$B$4,0,1),0), IF($B$11=1,IF(RANDBETWEEN(1,6)=6,1,0),0)+ IF(RANDBETWEEN(1,6)<$B$5, IF($B$13=1,IF(RANDBETWEEN(1,6)<$B$5,0,1),0), IF(RANDBETWEEN(1,6)>=($B$6-$B$7+$B$15),0, IF($B$8>0,IF(RANDBETWEEN(1,6)>=$B$8,0, IF($B$9=1,$B$10,IF($B$9=2,RANDBETWEEN(1,3),RANDBETWEEN(1,6)))), IF($B$9=1,$B$10,IF($B$9=2,RANDBETWEEN(1,3),RANDBETWEEN(1,6)))))))) -> 0 | Q120: =IF(15>$B$3,0, IF(RANDBETWEEN(1,6)+$B$14<$B$4, IF($B$12=1,IF(RANDBETWEEN(1,6)+$B$14<$B$4,0,1),0), IF($B$11=1,IF(RANDBETWEEN(1,6)=6,1,0),0)+ IF(RANDBETWEEN(1,6)<$B$5, IF($B$13=1,IF(RANDBETWEEN(1,6)<$B$5,0,1),0), IF(RANDBETWEEN(1,6)>=($B$6-$B$7+$B$15),0, IF($B$8>0,IF(RANDBETWEEN(1,6)>=$B$8,0, IF($B$9=1,$B$10,IF($B$9=2,RANDBETWEEN(1,3),RANDBETWEEN(1,6)))), IF($B$9=1,$B$10,IF($B$9=2,RANDBETWEEN(1,3),RANDBETWEEN(1,6)))))))) -> 0 | R120: =IF(16>$B$3,0, IF(RANDBETWEEN(1,6)+$B$14<$B$4, IF($B$12=1,IF(RANDBETWEEN(1,6)+$B$14<$B$4,0,1),0), IF($B$11=1,IF(RANDBETWEEN(1,6)=6,1,0),0)+ IF(RANDBETWEEN(1,6)<$B$5, IF($B$13=1,IF(RANDBETWEEN(1,6)<$B$5,0,1),0), IF(RANDBETWEEN(1,6)>=($B$6-$B$7+$B$15),0, IF($B$8>0,IF(RANDBETWEEN(1,6)>=$B$8,0, IF($B$9=1,$B$10,IF($B$9=2,RANDBETWEEN(1,3),RANDBETWEEN(1,6)))), IF($B$9=1,$B$10,IF($B$9=2,RANDBETWEEN(1,3),RANDBETWEEN(1,6)))))))) -> 0 | S120: =IF(17>$B$3,0, IF(RANDBETWEEN(1,6)+$B$14<$B$4, IF($B$12=1,IF(RANDBETWEEN(1,6)+$B$14<$B$4,0,1),0), IF($B$11=1,IF(RANDBETWEEN(1,6)=6,1,0),0)+ IF(RANDBETWEEN(1,6)<$B$5, IF($B$13=1,IF(RANDBETWEEN(1,6)<$B$5,0,1),0), IF(RANDBETWEEN(1,6)>=($B$6-$B$7+$B$15),0, IF($B$8>0,IF(RANDBETWEEN(1,6)>=$B$8,0, IF($B$9=1,$B$10,IF($B$9=2,RANDBETWEEN(1,3),RANDBETWEEN(1,6)))), IF($B$9=1,$B$10,IF($B$9=2,RANDBETWEEN(1,3),RANDBETWEEN(1,6)))))))) -> 0 | T120: =IF(18>$B$3,0, IF(RANDBETWEEN(1,6)+$B$14<$B$4, IF($B$12=1,IF(RANDBETWEEN(1,6)+$B$14<$B$4,0,1),0), IF($B$11=1,IF(RANDBETWEEN(1,6)=6,1,0),0)+ IF(RANDBETWEEN(1,6)<$B$5, IF($B$13=1,IF(RANDBETWEEN(1,6)<$B$5,0,1),0), IF(RANDBETWEEN(1,6)>=($B$6-$B$7+$B$15),0, IF($B$8>0,IF(RANDBETWEEN(1,6)>=$B$8,0, IF($B$9=1,$B$10,IF($B$9=2,RANDBETWEEN(1,3),RANDBETWEEN(1,6)))), IF($B$9=1,$B$10,IF($B$9=2,RANDBETWEEN(1,3),RANDBETWEEN(1,6)))))))) -> 0 | U120: =IF(19>$B$3,0, IF(RANDBETWEEN(1,6)+$B$14<$B$4, IF($B$12=1,IF(RANDBETWEEN(1,6)+$B$14<$B$4,0,1),0), IF($B$11=1,IF(RANDBETWEEN(1,6)=6,1,0),0)+ IF(RANDBETWEEN(1,6)<$B$5, IF($B$13=1,IF(RANDBETWEEN(1,6)<$B$5,0,1),0), IF(RANDBETWEEN(1,6)>=($B$6-$B$7+$B$15),0, IF($B$8>0,IF(RANDBETWEEN(1,6)>=$B$8,0, IF($B$9=1,$B$10,IF($B$9=2,RANDBETWEEN(1,3),RANDBETWEEN(1,6)))), IF($B$9=1,$B$10,IF($B$9=2,RANDBETWEEN(1,3),RANDBETWEEN(1,6)))))))) -> 0 | V120: =IF(20>$B$3,0, IF(RANDBETWEEN(1,6)+$B$14<$B$4, IF($B$12=1,IF(RANDBETWEEN(1,6)+$B$14<$B$4,0,1),0), IF($B$11=1,IF(RANDBETWEEN(1,6)=6,1,0),0)+ IF(RANDBETWEEN(1,6)<$B$5, IF($B$13=1,IF(RANDBETWEEN(1,6)<$B$5,0,1),0), IF(RANDBETWEEN(1,6)>=($B$6-$B$7+$B$15),0, IF($B$8>0,IF(RANDBETWEEN(1,6)>=$B$8,0, IF($B$9=1,$B$10,IF($B$9=2,RANDBETWEEN(1,3),RANDBETWEEN(1,6)))), IF($B$9=1,$B$10,IF($B$9=2,RANDBETWEEN(1,3),RANDBETWEEN(1,6)))))))) -> 0 | W120: =IF(21>$B$3,0, IF(RANDBETWEEN(1,6)+$B$14<$B$4, IF($B$12=1,IF(RANDBETWEEN(1,6)+$B$14<$B$4,0,1),0), IF($B$11=1,IF(RANDBETWEEN(1,6)=6,1,0),0)+ IF(RANDBETWEEN(1,6)<$B$5, IF($B$13=1,IF(RANDBETWEEN(1,6)<$B$5,0,1),0), IF(RANDBETWEEN(1,6)>=($B$6-$B$7+$B$15),0, IF($B$8>0,IF(RANDBETWEEN(1,6)>=$B$8,0, IF($B$9=1,$B$10,IF($B$9=2,RANDBETWEEN(1,3),RANDBETWEEN(1,6)))), IF($B$9=1,$B$10,IF($B$9=2,RANDBETWEEN(1,3),RANDBETWEEN(1,6)))))))) -> 0 | X120: =IF(22>$B$3,0, IF(RANDBETWEEN(1,6)+$B$14<$B$4, IF($B$12=1,IF(RANDBETWEEN(1,6)+$B$14<$B$4,0,1),0), IF($B$11=1,IF(RANDBETWEEN(1,6)=6,1,0),0)+ IF(RANDBETWEEN(1,6)<$B$5, IF($B$13=1,IF(RANDBETWEEN(1,6)<$B$5,0,1),0), IF(RANDBETWEEN(1,6)>=($B$6-$B$7+$B$15),0, IF($B$8>0,IF(RANDBETWEEN(1,6)>=$B$8,0, IF($B$9=1,$B$10,IF($B$9=2,RANDBETWEEN(1,3),RANDBETWEEN(1,6)))), IF($B$9=1,$B$10,IF($B$9=2,RANDBETWEEN(1,3),RANDBETWEEN(1,6)))))))) -> 0 | Y120: =IF(23>$B$3,0, IF(RANDBETWEEN(1,6)+$B$14<$B$4, IF($B$12=1,IF(RANDBETWEEN(1,6)+$B$14<$B$4,0,1),0), IF($B$11=1,IF(RANDBETWEEN(1,6)=6,1,0),0)+ IF(RANDBETWEEN(1,6)<$B$5, IF($B$13=1,IF(RANDBETWEEN(1,6)<$B$5,0,1),0), IF(RANDBETWEEN(1,6)>=($B$6-$B$7+$B$15),0, IF($B$8>0,IF(RANDBETWEEN(1,6)>=$B$8,0, IF($B$9=1,$B$10,IF($B$9=2,RANDBETWEEN(1,3),RANDBETWEEN(1,6)))), IF($B$9=1,$B$10,IF($B$9=2,RANDBETWEEN(1,3),RANDBETWEEN(1,6)))))))) -> 0 | Z120: =IF(24>$B$3,0, IF(RANDBETWEEN(1,6)+$B$14<$B$4, IF($B$12=1,IF(RANDBETWEEN(1,6)+$B$14<$B$4,0,1),0), IF($B$11=1,IF(RANDBETWEEN(1,6)=6,1,0),0)+ IF(RANDBETWEEN(1,6)<$B$5, IF($B$13=1,IF(RANDBETWEEN(1,6)<$B$5,0,1),0), IF(RANDBETWEEN(1,6)>=($B$6-$B$7+$B$15),0, IF($B$8>0,IF(RANDBETWEEN(1,6)>=$B$8,0, IF($B$9=1,$B$10,IF($B$9=2,RANDBETWEEN(1,3),RANDBETWEEN(1,6)))), IF($B$9=1,$B$10,IF($B$9=2,RANDBETWEEN(1,3),RANDBETWEEN(1,6)))))))) -> 0 | AA120: =IF(25>$B$3,0, IF(RANDBETWEEN(1,6)+$B$14<$B$4, IF($B$12=1,IF(RANDBETWEEN(1,6)+$B$14<$B$4,0,1),0), IF($B$11=1,IF(RANDBETWEEN(1,6)=6,1,0),0)+ IF(RANDBETWEEN(1,6)<$B$5, IF($B$13=1,IF(RANDBETWEEN(1,6)<$B$5,0,1),0), IF(RANDBETWEEN(1,6)>=($B$6-$B$7+$B$15),0, IF($B$8>0,IF(RANDBETWEEN(1,6)>=$B$8,0, IF($B$9=1,$B$10,IF($B$9=2,RANDBETWEEN(1,3),RANDBETWEEN(1,6)))), IF($B$9=1,$B$10,IF($B$9=2,RANDBETWEEN(1,3),RANDBETWEEN(1,6)))))))) -> 0 | AB120: =IF(26>$B$3,0, IF(RANDBETWEEN(1,6)+$B$14<$B$4, IF($B$12=1,IF(RANDBETWEEN(1,6)+$B$14<$B$4,0,1),0), IF($B$11=1,IF(RANDBETWEEN(1,6)=6,1,0),0)+ IF(RANDBETWEEN(1,6)<$B$5, IF($B$13=1,IF(RANDBETWEEN(1,6)<$B$5,0,1),0), IF(RANDBETWEEN(1,6)>=($B$6-$B$7+$B$15),0, IF($B$8>0,IF(RANDBETWEEN(1,6)>=$B$8,0, IF($B$9=1,$B$10,IF($B$9=2,RANDBETWEEN(1,3),RANDBETWEEN(1,6)))), IF($B$9=1,$B$10,IF($B$9=2,RANDBETWEEN(1,3),RANDBETWEEN(1,6)))))))) -> 0 | AC120: =IF(27>$B$3,0, IF(RANDBETWEEN(1,6)+$B$14<$B$4, IF($B$12=1,IF(RANDBETWEEN(1,6)+$B$14<$B$4,0,1),0), IF($B$11=1,IF(RANDBETWEEN(1,6)=6,1,0),0)+ IF(RANDBETWEEN(1,6)<$B$5, IF($B$13=1,IF(RANDBETWEEN(1,6)<$B$5,0,1),0), IF(RANDBETWEEN(1,6)>=($B$6-$B$7+$B$15),0, IF($B$8>0,IF(RANDBETWEEN(1,6)>=$B$8,0, IF($B$9=1,$B$10,IF($B$9=2,RANDBETWEEN(1,3),RANDBETWEEN(1,6)))), IF($B$9=1,$B$10,IF($B$9=2,RANDBETWEEN(1,3),RANDBETWEEN(1,6)))))))) -> 0 | AD120: =IF(28>$B$3,0, IF(RANDBETWEEN(1,6)+$B$14<$B$4, IF($B$12=1,IF(RANDBETWEEN(1,6)+$B$14<$B$4,0,1),0), IF($B$11=1,IF(RANDBETWEEN(1,6)=6,1,0),0)+ IF(RANDBETWEEN(1,6)<$B$5, IF($B$13=1,IF(RANDBETWEEN(1,6)<$B$5,0,1),0), IF(RANDBETWEEN(1,6)>=($B$6-$B$7+$B$15),0, IF($B$8>0,IF(RANDBETWEEN(1,6)>=$B$8,0, IF($B$9=1,$B$10,IF($B$9=2,RANDBETWEEN(1,3),RANDBETWEEN(1,6)))), IF($B$9=1,$B$10,IF($B$9=2,RANDBETWEEN(1,3),RANDBETWEEN(1,6)))))))) -> 0 | AE120: =IF(29>$B$3,0, IF(RANDBETWEEN(1,6)+$B$14<$B$4, IF($B$12=1,IF(RANDBETWEEN(1,6)+$B$14<$B$4,0,1),0), IF($B$11=1,IF(RANDBETWEEN(1,6)=6,1,0),0)+ IF(RANDBETWEEN(1,6)<$B$5, IF($B$13=1,IF(RANDBETWEEN(1,6)<$B$5,0,1),0), IF(RANDBETWEEN(1,6)>=($B$6-$B$7+$B$15),0, IF($B$8>0,IF(RANDBETWEEN(1,6)>=$B$8,0, IF($B$9=1,$B$10,IF($B$9=2,RANDBETWEEN(1,3),RANDBETWEEN(1,6)))), IF($B$9=1,$B$10,IF($B$9=2,RANDBETWEEN(1,3),RANDBETWEEN(1,6)))))))) -> 0 | AF120: =IF(30>$B$3,0, IF(RANDBETWEEN(1,6)+$B$14<$B$4, IF($B$12=1,IF(RANDBETWEEN(1,6)+$B$14<$B$4,0,1),0), IF($B$11=1,IF(RANDBETWEEN(1,6)=6,1,0),0)+ IF(RANDBETWEEN(1,6)<$B$5, IF($B$13=1,IF(RANDBETWEEN(1,6)<$B$5,0,1),0), IF(RANDBETWEEN(1,6)>=($B$6-$B$7+$B$15),0, IF($B$8>0,IF(RANDBETWEEN(1,6)>=$B$8,0, IF($B$9=1,$B$10,IF($B$9=2,RANDBETWEEN(1,3),RANDBETWEEN(1,6)))), IF($B$9=1,$B$10,IF($B$9=2,RANDBETWEEN(1,3),RANDBETWEEN(1,6)))))))) -> 0
A121: 2 | B121: =SUM(C121:AF121) -> 12 | C121: =IF(1>$B$3,0, IF(RANDBETWEEN(1,6)+$B$14<$B$4, IF($B$12=1,IF(RANDBETWEEN(1,6)+$B$14<$B$4,0,1),0), IF($B$11=1,IF(RANDBETWEEN(1,6)=6,1,0),0)+ IF(RANDBETWEEN(1,6)<$B$5, IF($B$13=1,IF(RANDBETWEEN(1,6)<$B$5,0,1),0), IF(RANDBETWEEN(1,6)>=($B$6-$B$7+$B$15),0, IF($B$8>0,IF(RANDBETWEEN(1,6)>=$B$8,0, IF($B$9=1,$B$10,IF($B$9=2,RANDBETWEEN(1,3),RANDBETWEEN(1,6)))), IF($B$9=1,$B$10,IF($B$9=2,RANDBETWEEN(1,3),RANDBETWEEN(1,6)))))))) -> 0 | D121: =IF(2>$B$3,0, IF(RANDBETWEEN(1,6)+$B$14<$B$4, IF($B$12=1,IF(RANDBETWEEN(1,6)+$B$14<$B$4,0,1),0), IF($B$11=1,IF(RANDBETWEEN(1,6)=6,1,0),0)+ IF(RANDBETWEEN(1,6)<$B$5, IF($B$13=1,IF(RANDBETWEEN(1,6)<$B$5,0,1),0), IF(RANDBETWEEN(1,6)>=($B$6-$B$7+$B$15),0, IF($B$8>0,IF(RANDBETWEEN(1,6)>=$B$8,0, IF($B$9=1,$B$10,IF($B$9=2,RANDBETWEEN(1,3),RANDBETWEEN(1,6)))), IF($B$9=1,$B$10,IF($B$9=2,RANDBETWEEN(1,3),RANDBETWEEN(1,6)))))))) -> 3 | E121: =IF(3>$B$3,0, IF(RANDBETWEEN(1,6)+$B$14<$B$4, IF($B$12=1,IF(RANDBETWEEN(1,6)+$B$14<$B$4,0,1),0), IF($B$11=1,IF(RANDBETWEEN(1,6)=6,1,0),0)+ IF(RANDBETWEEN(1,6)<$B$5, IF($B$13=1,IF(RANDBETWEEN(1,6)<$B$5,0,1),0), IF(RANDBETWEEN(1,6)>=($B$6-$B$7+$B$15),0, IF($B$8>0,IF(RANDBETWEEN(1,6)>=$B$8,0, IF($B$9=1,$B$10,IF($B$9=2,RANDBETWEEN(1,3),RANDBETWEEN(1,6)))), IF($B$9=1,$B$10,IF($B$9=2,RANDBETWEEN(1,3),RANDBETWEEN(1,6)))))))) -> 0 | F121: =IF(4>$B$3,0, IF(RANDBETWEEN(1,6)+$B$14<$B$4, IF($B$12=1,IF(RANDBETWEEN(1,6)+$B$14<$B$4,0,1),0), IF($B$11=1,IF(RANDBETWEEN(1,6)=6,1,0),0)+ IF(RANDBETWEEN(1,6)<$B$5, IF($B$13=1,IF(RANDBETWEEN(1,6)<$B$5,0,1),0), IF(RANDBETWEEN(1,6)>=($B$6-$B$7+$B$15),0, IF($B$8>0,IF(RANDBETWEEN(1,6)>=$B$8,0, IF($B$9=1,$B$10,IF($B$9=2,RANDBETWEEN(1,3),RANDBETWEEN(1,6)))), IF($B$9=1,$B$10,IF($B$9=2,RANDBETWEEN(1,3),RANDBETWEEN(1,6)))))))) -> 0 | G121: =IF(5>$B$3,0, IF(RANDBETWEEN(1,6)+$B$14<$B$4, IF($B$12=1,IF(RANDBETWEEN(1,6)+$B$14<$B$4,0,1),0), IF($B$11=1,IF(RANDBETWEEN(1,6)=6,1,0),0)+ IF(RANDBETWEEN(1,6)<$B$5, IF($B$13=1,IF(RANDBETWEEN(1,6)<$B$5,0,1),0), IF(RANDBETWEEN(1,6)>=($B$6-$B$7+$B$15),0, IF($B$8>0,IF(RANDBETWEEN(1,6)>=$B$8,0, IF($B$9=1,$B$10,IF($B$9=2,RANDBETWEEN(1,3),RANDBETWEEN(1,6)))), IF($B$9=1,$B$10,IF($B$9=2,RANDBETWEEN(1,3),RANDBETWEEN(1,6)))))))) -> 0 | H121: =IF(6>$B$3,0, IF(RANDBETWEEN(1,6)+$B$14<$B$4, IF($B$12=1,IF(RANDBETWEEN(1,6)+$B$14<$B$4,0,1),0), IF($B$11=1,IF(RANDBETWEEN(1,6)=6,1,0),0)+ IF(RANDBETWEEN(1,6)<$B$5, IF($B$13=1,IF(RANDBETWEEN(1,6)<$B$5,0,1),0), IF(RANDBETWEEN(1,6)>=($B$6-$B$7+$B$15),0, IF($B$8>0,IF(RANDBETWEEN(1,6)>=$B$8,0, IF($B$9=1,$B$10,IF($B$9=2,RANDBETWEEN(1,3),RANDBETWEEN(1,6)))), IF($B$9=1,$B$10,IF($B$9=2,RANDBETWEEN(1,3),RANDBETWEEN(1,6)))))))) -> 3 | I121: =IF(7>$B$3,0, IF(RANDBETWEEN(1,6)+$B$14<$B$4, IF($B$12=1,IF(RANDBETWEEN(1,6)+$B$14<$B$4,0,1),0), IF($B$11=1,IF(RANDBETWEEN(1,6)=6,1,0),0)+ IF(RANDBETWEEN(1,6)<$B$5, IF($B$13=1,IF(RANDBETWEEN(1,6)<$B$5,0,1),0), IF(RANDBETWEEN(1,6)>=($B$6-$B$7+$B$15),0, IF($B$8>0,IF(RANDBETWEEN(1,6)>=$B$8,0, IF($B$9=1,$B$10,IF($B$9=2,RANDBETWEEN(1,3),RANDBETWEEN(1,6)))), IF($B$9=1,$B$10,IF($B$9=2,RANDBETWEEN(1,3),RANDBETWEEN(1,6)))))))) -> 3 | J121: =IF(8>$B$3,0, IF(RANDBETWEEN(1,6)+$B$14<$B$4, IF($B$12=1,IF(RANDBETWEEN(1,6)+$B$14<$B$4,0,1),0), IF($B$11=1,IF(RANDBETWEEN(1,6)=6,1,0),0)+ IF(RANDBETWEEN(1,6)<$B$5, IF($B$13=1,IF(RANDBETWEEN(1,6)<$B$5,0,1),0), IF(RANDBETWEEN(1,6)>=($B$6-$B$7+$B$15),0, IF($B$8>0,IF(RANDBETWEEN(1,6)>=$B$8,0, IF($B$9=1,$B$10,IF($B$9=2,RANDBETWEEN(1,3),RANDBETWEEN(1,6)))), IF($B$9=1,$B$10,IF($B$9=2,RANDBETWEEN(1,3),RANDBETWEEN(1,6)))))))) -> 0 | K121: =IF(9>$B$3,0, IF(RANDBETWEEN(1,6)+$B$14<$B$4, IF($B$12=1,IF(RANDBETWEEN(1,6)+$B$14<$B$4,0,1),0), IF($B$11=1,IF(RANDBETWEEN(1,6)=6,1,0),0)+ IF(RANDBETWEEN(1,6)<$B$5, IF($B$13=1,IF(RANDBETWEEN(1,6)<$B$5,0,1),0), IF(RANDBETWEEN(1,6)>=($B$6-$B$7+$B$15),0, IF($B$8>0,IF(RANDBETWEEN(1,6)>=$B$8,0, IF($B$9=1,$B$10,IF($B$9=2,RANDBETWEEN(1,3),RANDBETWEEN(1,6)))), IF($B$9=1,$B$10,IF($B$9=2,RANDBETWEEN(1,3),RANDBETWEEN(1,6)))))))) -> 3 | L121: =IF(10>$B$3,0, IF(RANDBETWEEN(1,6)+$B$14<$B$4, IF($B$12=1,IF(RANDBETWEEN(1,6)+$B$14<$B$4,0,1),0), IF($B$11=1,IF(RANDBETWEEN(1,6)=6,1,0),0)+ IF(RANDBETWEEN(1,6)<$B$5, IF($B$13=1,IF(RANDBETWEEN(1,6)<$B$5,0,1),0), IF(RANDBETWEEN(1,6)>=($B$6-$B$7+$B$15),0, IF($B$8>0,IF(RANDBETWEEN(1,6)>=$B$8,0, IF($B$9=1,$B$10,IF($B$9=2,RANDBETWEEN(1,3),RANDBETWEEN(1,6)))), IF($B$9=1,$B$10,IF($B$9=2,RANDBETWEEN(1,3),RANDBETWEEN(1,6)))))))) -> 0 | M121: =IF(11>$B$3,0, IF(RANDBETWEEN(1,6)+$B$14<$B$4, IF($B$12=1,IF(RANDBETWEEN(1,6)+$B$14<$B$4,0,1),0), IF($B$11=1,IF(RANDBETWEEN(1,6)=6,1,0),0)+ IF(RANDBETWEEN(1,6)<$B$5, IF($B$13=1,IF(RANDBETWEEN(1,6)<$B$5,0,1),0), IF(RANDBETWEEN(1,6)>=($B$6-$B$7+$B$15),0, IF($B$8>0,IF(RANDBETWEEN(1,6)>=$B$8,0, IF($B$9=1,$B$10,IF($B$9=2,RANDBETWEEN(1,3),RANDBETWEEN(1,6)))), IF($B$9=1,$B$10,IF($B$9=2,RANDBETWEEN(1,3),RANDBETWEEN(1,6)))))))) -> 0 | N121: =IF(12>$B$3,0, IF(RANDBETWEEN(1,6)+$B$14<$B$4, IF($B$12=1,IF(RANDBETWEEN(1,6)+$B$14<$B$4,0,1),0), IF($B$11=1,IF(RANDBETWEEN(1,6)=6,1,0),0)+ IF(RANDBETWEEN(1,6)<$B$5, IF($B$13=1,IF(RANDBETWEEN(1,6)<$B$5,0,1),0), IF(RANDBETWEEN(1,6)>=($B$6-$B$7+$B$15),0, IF($B$8>0,IF(RANDBETWEEN(1,6)>=$B$8,0, IF($B$9=1,$B$10,IF($B$9=2,RANDBETWEEN(1,3),RANDBETWEEN(1,6)))), IF($B$9=1,$B$10,IF($B$9=2,RANDBETWEEN(1,3),RANDBETWEEN(1,6)))))))) -> 0 | O121: =IF(13>$B$3,0, IF(RANDBETWEEN(1,6)+$B$14<$B$4, IF($B$12=1,IF(RANDBETWEEN(1,6)+$B$14<$B$4,0,1),0), IF($B$11=1,IF(RANDBETWEEN(1,6)=6,1,0),0)+ IF(RANDBETWEEN(1,6)<$B$5, IF($B$13=1,IF(RANDBETWEEN(1,6)<$B$5,0,1),0), IF(RANDBETWEEN(1,6)>=($B$6-$B$7+$B$15),0, IF($B$8>0,IF(RANDBETWEEN(1,6)>=$B$8,0, IF($B$9=1,$B$10,IF($B$9=2,RANDBETWEEN(1,3),RANDBETWEEN(1,6)))), IF($B$9=1,$B$10,IF($B$9=2,RANDBETWEEN(1,3),RANDBETWEEN(1,6)))))))) -> 0 | P121: =IF(14>$B$3,0, IF(RANDBETWEEN(1,6)+$B$14<$B$4, IF($B$12=1,IF(RANDBETWEEN(1,6)+$B$14<$B$4,0,1),0), IF($B$11=1,IF(RANDBETWEEN(1,6)=6,1,0),0)+ IF(RANDBETWEEN(1,6)<$B$5, IF($B$13=1,IF(RANDBETWEEN(1,6)<$B$5,0,1),0), IF(RANDBETWEEN(1,6)>=($B$6-$B$7+$B$15),0, IF($B$8>0,IF(RANDBETWEEN(1,6)>=$B$8,0, IF($B$9=1,$B$10,IF($B$9=2,RANDBETWEEN(1,3),RANDBETWEEN(1,6)))), IF($B$9=1,$B$10,IF($B$9=2,RANDBETWEEN(1,3),RANDBETWEEN(1,6)))))))) -> 0 | Q121: =IF(15>$B$3,0, IF(RANDBETWEEN(1,6)+$B$14<$B$4, IF($B$12=1,IF(RANDBETWEEN(1,6)+$B$14<$B$4,0,1),0), IF($B$11=1,IF(RANDBETWEEN(1,6)=6,1,0),0)+ IF(RANDBETWEEN(1,6)<$B$5, IF($B$13=1,IF(RANDBETWEEN(1,6)<$B$5,0,1),0), IF(RANDBETWEEN(1,6)>=($B$6-$B$7+$B$15),0, IF($B$8>0,IF(RANDBETWEEN(1,6)>=$B$8,0, IF($B$9=1,$B$10,IF($B$9=2,RANDBETWEEN(1,3),RANDBETWEEN(1,6)))), IF($B$9=1,$B$10,IF($B$9=2,RANDBETWEEN(1,3),RANDBETWEEN(1,6)))))))) -> 0 | R121: =IF(16>$B$3,0, IF(RANDBETWEEN(1,6)+$B$14<$B$4, IF($B$12=1,IF(RANDBETWEEN(1,6)+$B$14<$B$4,0,1),0), IF($B$11=1,IF(RANDBETWEEN(1,6)=6,1,0),0)+ IF(RANDBETWEEN(1,6)<$B$5, IF($B$13=1,IF(RANDBETWEEN(1,6)<$B$5,0,1),0), IF(RANDBETWEEN(1,6)>=($B$6-$B$7+$B$15),0, IF($B$8>0,IF(RANDBETWEEN(1,6)>=$B$8,0, IF($B$9=1,$B$10,IF($B$9=2,RANDBETWEEN(1,3),RANDBETWEEN(1,6)))), IF($B$9=1,$B$10,IF($B$9=2,RANDBETWEEN(1,3),RANDBETWEEN(1,6)))))))) -> 0 | S121: =IF(17>$B$3,0, IF(RANDBETWEEN(1,6)+$B$14<$B$4, IF($B$12=1,IF(RANDBETWEEN(1,6)+$B$14<$B$4,0,1),0), IF($B$11=1,IF(RANDBETWEEN(1,6)=6,1,0),0)+ IF(RANDBETWEEN(1,6)<$B$5, IF($B$13=1,IF(RANDBETWEEN(1,6)<$B$5,0,1),0), IF(RANDBETWEEN(1,6)>=($B$6-$B$7+$B$15),0, IF($B$8>0,IF(RANDBETWEEN(1,6)>=$B$8,0, IF($B$9=1,$B$10,IF($B$9=2,RANDBETWEEN(1,3),RANDBETWEEN(1,6)))), IF($B$9=1,$B$10,IF($B$9=2,RANDBETWEEN(1,3),RANDBETWEEN(1,6)))))))) -> 0 | T121: =IF(18>$B$3,0, IF(RANDBETWEEN(1,6)+$B$14<$B$4, IF($B$12=1,IF(RANDBETWEEN(1,6)+$B$14<$B$4,0,1),0), IF($B$11=1,IF(RANDBETWEEN(1,6)=6,1,0),0)+ IF(RANDBETWEEN(1,6)<$B$5, IF($B$13=1,IF(RANDBETWEEN(1,6)<$B$5,0,1),0), IF(RANDBETWEEN(1,6)>=($B$6-$B$7+$B$15),0, IF($B$8>0,IF(RANDBETWEEN(1,6)>=$B$8,0, IF($B$9=1,$B$10,IF($B$9=2,RANDBETWEEN(1,3),RANDBETWEEN(1,6)))), IF($B$9=1,$B$10,IF($B$9=2,RANDBETWEEN(1,3),RANDBETWEEN(1,6)))))))) -> 0 | U121: =IF(19>$B$3,0, IF(RANDBETWEEN(1,6)+$B$14<$B$4, IF($B$12=1,IF(RANDBETWEEN(1,6)+$B$14<$B$4,0,1),0), IF($B$11=1,IF(RANDBETWEEN(1,6)=6,1,0),0)+ IF(RANDBETWEEN(1,6)<$B$5, IF($B$13=1,IF(RANDBETWEEN(1,6)<$B$5,0,1),0), IF(RANDBETWEEN(1,6)>=($B$6-$B$7+$B$15),0, IF($B$8>0,IF(RANDBETWEEN(1,6)>=$B$8,0, IF($B$9=1,$B$10,IF($B$9=2,RANDBETWEEN(1,3),RANDBETWEEN(1,6)))), IF($B$9=1,$B$10,IF($B$9=2,RANDBETWEEN(1,3),RANDBETWEEN(1,6)))))))) -> 0 | V121: =IF(20>$B$3,0, IF(RANDBETWEEN(1,6)+$B$14<$B$4, IF($B$12=1,IF(RANDBETWEEN(1,6)+$B$14<$B$4,0,1),0), IF($B$11=1,IF(RANDBETWEEN(1,6)=6,1,0),0)+ IF(RANDBETWEEN(1,6)<$B$5, IF($B$13=1,IF(RANDBETWEEN(1,6)<$B$5,0,1),0), IF(RANDBETWEEN(1,6)>=($B$6-$B$7+$B$15),0, IF($B$8>0,IF(RANDBETWEEN(1,6)>=$B$8,0, IF($B$9=1,$B$10,IF($B$9=2,RANDBETWEEN(1,3),RANDBETWEEN(1,6)))), IF($B$9=1,$B$10,IF($B$9=2,RANDBETWEEN(1,3),RANDBETWEEN(1,6)))))))) -> 0 | W121: =IF(21>$B$3,0, IF(RANDBETWEEN(1,6)+$B$14<$B$4, IF($B$12=1,IF(RANDBETWEEN(1,6)+$B$14<$B$4,0,1),0), IF($B$11=1,IF(RANDBETWEEN(1,6)=6,1,0),0)+ IF(RANDBETWEEN(1,6)<$B$5, IF($B$13=1,IF(RANDBETWEEN(1,6)<$B$5,0,1),0), IF(RANDBETWEEN(1,6)>=($B$6-$B$7+$B$15),0, IF($B$8>0,IF(RANDBETWEEN(1,6)>=$B$8,0, IF($B$9=1,$B$10,IF($B$9=2,RANDBETWEEN(1,3),RANDBETWEEN(1,6)))), IF($B$9=1,$B$10,IF($B$9=2,RANDBETWEEN(1,3),RANDBETWEEN(1,6)))))))) -> 0 | X121: =IF(22>$B$3,0, IF(RANDBETWEEN(1,6)+$B$14<$B$4, IF($B$12=1,IF(RANDBETWEEN(1,6)+$B$14<$B$4,0,1),0), IF($B$11=1,IF(RANDBETWEEN(1,6)=6,1,0),0)+ IF(RANDBETWEEN(1,6)<$B$5, IF($B$13=1,IF(RANDBETWEEN(1,6)<$B$5,0,1),0), IF(RANDBETWEEN(1,6)>=($B$6-$B$7+$B$15),0, IF($B$8>0,IF(RANDBETWEEN(1,6)>=$B$8,0, IF($B$9=1,$B$10,IF($B$9=2,RANDBETWEEN(1,3),RANDBETWEEN(1,6)))), IF($B$9=1,$B$10,IF($B$9=2,RANDBETWEEN(1,3),RANDBETWEEN(1,6)))))))) -> 0 | Y121: =IF(23>$B$3,0, IF(RANDBETWEEN(1,6)+$B$14<$B$4, IF($B$12=1,IF(RANDBETWEEN(1,6)+$B$14<$B$4,0,1),0), IF($B$11=1,IF(RANDBETWEEN(1,6)=6,1,0),0)+ IF(RANDBETWEEN(1,6)<$B$5, IF($B$13=1,IF(RANDBETWEEN(1,6)<$B$5,0,1),0), IF(RANDBETWEEN(1,6)>=($B$6-$B$7+$B$15),0, IF($B$8>0,IF(RANDBETWEEN(1,6)>=$B$8,0, IF($B$9=1,$B$10,IF($B$9=2,RANDBETWEEN(1,3),RANDBETWEEN(1,6)))), IF($B$9=1,$B$10,IF($B$9=2,RANDBETWEEN(1,3),RANDBETWEEN(1,6)))))))) -> 0 | Z121: =IF(24>$B$3,0, IF(RANDBETWEEN(1,6)+$B$14<$B$4, IF($B$12=1,IF(RANDBETWEEN(1,6)+$B$14<$B$4,0,1),0), IF($B$11=1,IF(RANDBETWEEN(1,6)=6,1,0),0)+ IF(RANDBETWEEN(1,6)<$B$5, IF($B$13=1,IF(RANDBETWEEN(1,6)<$B$5,0,1),0), IF(RANDBETWEEN(1,6)>=($B$6-$B$7+$B$15),0, IF($B$8>0,IF(RANDBETWEEN(1,6)>=$B$8,0, IF($B$9=1,$B$10,IF($B$9=2,RANDBETWEEN(1,3),RANDBETWEEN(1,6)))), IF($B$9=1,$B$10,IF($B$9=2,RANDBETWEEN(1,3),RANDBETWEEN(1,6)))))))) -> 0 | AA121: =IF(25>$B$3,0, IF(RANDBETWEEN(1,6)+$B$14<$B$4, IF($B$12=1,IF(RANDBETWEEN(1,6)+$B$14<$B$4,0,1),0), IF($B$11=1,IF(RANDBETWEEN(1,6)=6,1,0),0)+ IF(RANDBETWEEN(1,6)<$B$5, IF($B$13=1,IF(RANDBETWEEN(1,6)<$B$5,0,1),0), IF(RANDBETWEEN(1,6)>=($B$6-$B$7+$B$15),0, IF($B$8>0,IF(RANDBETWEEN(1,6)>=$B$8,0, IF($B$9=1,$B$10,IF($B$9=2,RANDBETWEEN(1,3),RANDBETWEEN(1,6)))), IF($B$9=1,$B$10,IF($B$9=2,RANDBETWEEN(1,3),RANDBETWEEN(1,6)))))))) -> 0 | AB121: =IF(26>$B$3,0, IF(RANDBETWEEN(1,6)+$B$14<$B$4, IF($B$12=1,IF(RANDBETWEEN(1,6)+$B$14<$B$4,0,1),0), IF($B$11=1,IF(RANDBETWEEN(1,6)=6,1,0),0)+ IF(RANDBETWEEN(1,6)<$B$5, IF($B$13=1,IF(RANDBETWEEN(1,6)<$B$5,0,1),0), IF(RANDBETWEEN(1,6)>=($B$6-$B$7+$B$15),0, IF($B$8>0,IF(RANDBETWEEN(1,6)>=$B$8,0, IF($B$9=1,$B$10,IF($B$9=2,RANDBETWEEN(1,3),RANDBETWEEN(1,6)))), IF($B$9=1,$B$10,IF($B$9=2,RANDBETWEEN(1,3),RANDBETWEEN(1,6)))))))) -> 0 | AC121: =IF(27>$B$3,0, IF(RANDBETWEEN(1,6)+$B$14<$B$4, IF($B$12=1,IF(RANDBETWEEN(1,6)+$B$14<$B$4,0,1),0), IF($B$11=1,IF(RANDBETWEEN(1,6)=6,1,0),0)+ IF(RANDBETWEEN(1,6)<$B$5, IF($B$13=1,IF(RANDBETWEEN(1,6)<$B$5,0,1),0), IF(RANDBETWEEN(1,6)>=($B$6-$B$7+$B$15),0, IF($B$8>0,IF(RANDBETWEEN(1,6)>=$B$8,0, IF($B$9=1,$B$10,IF($B$9=2,RANDBETWEEN(1,3),RANDBETWEEN(1,6)))), IF($B$9=1,$B$10,IF($B$9=2,RANDBETWEEN(1,3),RANDBETWEEN(1,6)))))))) -> 0 | AD121: =IF(28>$B$3,0, IF(RANDBETWEEN(1,6)+$B$14<$B$4, IF($B$12=1,IF(RANDBETWEEN(1,6)+$B$14<$B$4,0,1),0), IF($B$11=1,IF(RANDBETWEEN(1,6)=6,1,0),0)+ IF(RANDBETWEEN(1,6)<$B$5, IF($B$13=1,IF(RANDBETWEEN(1,6)<$B$5,0,1),0), IF(RANDBETWEEN(1,6)>=($B$6-$B$7+$B$15),0, IF($B$8>0,IF(RANDBETWEEN(1,6)>=$B$8,0, IF($B$9=1,$B$10,IF($B$9=2,RANDBETWEEN(1,3),RANDBETWEEN(1,6)))), IF($B$9=1,$B$10,IF($B$9=2,RANDBETWEEN(1,3),RANDBETWEEN(1,6)))))))) -> 0 | AE121: =IF(29>$B$3,0, IF(RANDBETWEEN(1,6)+$B$14<$B$4, IF($B$12=1,IF(RANDBETWEEN(1,6)+$B$14<$B$4,0,1),0), IF($B$11=1,IF(RANDBETWEEN(1,6)=6,1,0),0)+ IF(RANDBETWEEN(1,6)<$B$5, IF($B$13=1,IF(RANDBETWEEN(1,6)<$B$5,0,1),0), IF(RANDBETWEEN(1,6)>=($B$6-$B$7+$B$15),0, IF($B$8>0,IF(RANDBETWEEN(1,6)>=$B$8,0, IF($B$9=1,$B$10,IF($B$9=2,RANDBETWEEN(1,3),RANDBETWEEN(1,6)))), IF($B$9=1,$B$10,IF($B$9=2,RANDBETWEEN(1,3),RANDBETWEEN(1,6)))))))) -> 0 | AF121: =IF(30>$B$3,0, IF(RANDBETWEEN(1,6)+$B$14<$B$4, IF($B$12=1,IF(RANDBETWEEN(1,6)+$B$14<$B$4,0,1),0), IF($B$11=1,IF(RANDBETWEEN(1,6)=6,1,0),0)+ IF(RANDBETWEEN(1,6)<$B$5, IF($B$13=1,IF(RANDBETWEEN(1,6)<$B$5,0,1),0), IF(RANDBETWEEN(1,6)>=($B$6-$B$7+$B$15),0, IF($B$8>0,IF(RANDBETWEEN(1,6)>=$B$8,0, IF($B$9=1,$B$10,IF($B$9=2,RANDBETWEEN(1,3),RANDBETWEEN(1,6)))), IF($B$9=1,$B$10,IF($B$9=2,RANDBETWEEN(1,3),RANDBETWEEN(1,6)))))))) -> 0
A122: 3 | B122: =SUM(C122:AF122) -> 6 | C122: =IF(1>$B$3,0, IF(RANDBETWEEN(1,6)+$B$14<$B$4, IF($B$12=1,IF(RANDBETWEEN(1,6)+$B$14<$B$4,0,1),0), IF($B$11=1,IF(RANDBETWEEN(1,6)=6,1,0),0)+ IF(RANDBETWEEN(1,6)<$B$5, IF($B$13=1,IF(RANDBETWEEN(1,6)<$B$5,0,1),0), IF(RANDBETWEEN(1,6)>=($B$6-$B$7+$B$15),0, IF($B$8>0,IF(RANDBETWEEN(1,6)>=$B$8,0, IF($B$9=1,$B$10,IF($B$9=2,RANDBETWEEN(1,3),RANDBETWEEN(1,6)))), IF($B$9=1,$B$10,IF($B$9=2,RANDBETWEEN(1,3),RANDBETWEEN(1,6)))))))) -> 0 | D122: =IF(2>$B$3,0, IF(RANDBETWEEN(1,6)+$B$14<$B$4, IF($B$12=1,IF(RANDBETWEEN(1,6)+$B$14<$B$4,0,1),0), IF($B$11=1,IF(RANDBETWEEN(1,6)=6,1,0),0)+ IF(RANDBETWEEN(1,6)<$B$5, IF($B$13=1,IF(RANDBETWEEN(1,6)<$B$5,0,1),0), IF(RANDBETWEEN(1,6)>=($B$6-$B$7+$B$15),0, IF($B$8>0,IF(RANDBETWEEN(1,6)>=$B$8,0, IF($B$9=1,$B$10,IF($B$9=2,RANDBETWEEN(1,3),RANDBETWEEN(1,6)))), IF($B$9=1,$B$10,IF($B$9=2,RANDBETWEEN(1,3),RANDBETWEEN(1,6)))))))) -> 3 | E122: =IF(3>$B$3,0, IF(RANDBETWEEN(1,6)+$B$14<$B$4, IF($B$12=1,IF(RANDBETWEEN(1,6)+$B$14<$B$4,0,1),0), IF($B$11=1,IF(RANDBETWEEN(1,6)=6,1,0),0)+ IF(RANDBETWEEN(1,6)<$B$5, IF($B$13=1,IF(RANDBETWEEN(1,6)<$B$5,0,1),0), IF(RANDBETWEEN(1,6)>=($B$6-$B$7+$B$15),0, IF($B$8>0,IF(RANDBETWEEN(1,6)>=$B$8,0, IF($B$9=1,$B$10,IF($B$9=2,RANDBETWEEN(1,3),RANDBETWEEN(1,6)))), IF($B$9=1,$B$10,IF($B$9=2,RANDBETWEEN(1,3),RANDBETWEEN(1,6)))))))) -> 0 | F122: =IF(4>$B$3,0, IF(RANDBETWEEN(1,6)+$B$14<$B$4, IF($B$12=1,IF(RANDBETWEEN(1,6)+$B$14<$B$4,0,1),0), IF($B$11=1,IF(RANDBETWEEN(1,6)=6,1,0),0)+ IF(RANDBETWEEN(1,6)<$B$5, IF($B$13=1,IF(RANDBETWEEN(1,6)<$B$5,0,1),0), IF(RANDBETWEEN(1,6)>=($B$6-$B$7+$B$15),0, IF($B$8>0,IF(RANDBETWEEN(1,6)>=$B$8,0, IF($B$9=1,$B$10,IF($B$9=2,RANDBETWEEN(1,3),RANDBETWEEN(1,6)))), IF($B$9=1,$B$10,IF($B$9=2,RANDBETWEEN(1,3),RANDBETWEEN(1,6)))))))) -> 0 | G122: =IF(5>$B$3,0, IF(RANDBETWEEN(1,6)+$B$14<$B$4, IF($B$12=1,IF(RANDBETWEEN(1,6)+$B$14<$B$4,0,1),0), IF($B$11=1,IF(RANDBETWEEN(1,6)=6,1,0),0)+ IF(RANDBETWEEN(1,6)<$B$5, IF($B$13=1,IF(RANDBETWEEN(1,6)<$B$5,0,1),0), IF(RANDBETWEEN(1,6)>=($B$6-$B$7+$B$15),0, IF($B$8>0,IF(RANDBETWEEN(1,6)>=$B$8,0, IF($B$9=1,$B$10,IF($B$9=2,RANDBETWEEN(1,3),RANDBETWEEN(1,6)))), IF($B$9=1,$B$10,IF($B$9=2,RANDBETWEEN(1,3),RANDBETWEEN(1,6)))))))) -> 0 | H122: =IF(6>$B$3,0, IF(RANDBETWEEN(1,6)+$B$14<$B$4, IF($B$12=1,IF(RANDBETWEEN(1,6)+$B$14<$B$4,0,1),0), IF($B$11=1,IF(RANDBETWEEN(1,6)=6,1,0),0)+ IF(RANDBETWEEN(1,6)<$B$5, IF($B$13=1,IF(RANDBETWEEN(1,6)<$B$5,0,1),0), IF(RANDBETWEEN(1,6)>=($B$6-$B$7+$B$15),0, IF($B$8>0,IF(RANDBETWEEN(1,6)>=$B$8,0, IF($B$9=1,$B$10,IF($B$9=2,RANDBETWEEN(1,3),RANDBETWEEN(1,6)))), IF($B$9=1,$B$10,IF($B$9=2,RANDBETWEEN(1,3),RANDBETWEEN(1,6)))))))) -> 0 | I122: =IF(7>$B$3,0, IF(RANDBETWEEN(1,6)+$B$14<$B$4, IF($B$12=1,IF(RANDBETWEEN(1,6)+$B$14<$B$4,0,1),0), IF($B$11=1,IF(RANDBETWEEN(1,6)=6,1,0),0)+ IF(RANDBETWEEN(1,6)<$B$5, IF($B$13=1,IF(RANDBETWEEN(1,6)<$B$5,0,1),0), IF(RANDBETWEEN(1,6)>=($B$6-$B$7+$B$15),0, IF($B$8>0,IF(RANDBETWEEN(1,6)>=$B$8,0, IF($B$9=1,$B$10,IF($B$9=2,RANDBETWEEN(1,3),RANDBETWEEN(1,6)))), IF($B$9=1,$B$10,IF($B$9=2,RANDBETWEEN(1,3),RANDBETWEEN(1,6)))))))) -> 0 | J122: =IF(8>$B$3,0, IF(RANDBETWEEN(1,6)+$B$14<$B$4, IF($B$12=1,IF(RANDBETWEEN(1,6)+$B$14<$B$4,0,1),0), IF($B$11=1,IF(RANDBETWEEN(1,6)=6,1,0),0)+ IF(RANDBETWEEN(1,6)<$B$5, IF($B$13=1,IF(RANDBETWEEN(1,6)<$B$5,0,1),0), IF(RANDBETWEEN(1,6)>=($B$6-$B$7+$B$15),0, IF($B$8>0,IF(RANDBETWEEN(1,6)>=$B$8,0, IF($B$9=1,$B$10,IF($B$9=2,RANDBETWEEN(1,3),RANDBETWEEN(1,6)))), IF($B$9=1,$B$10,IF($B$9=2,RANDBETWEEN(1,3),RANDBETWEEN(1,6)))))))) -> 0 | K122: =IF(9>$B$3,0, IF(RANDBETWEEN(1,6)+$B$14<$B$4, IF($B$12=1,IF(RANDBETWEEN(1,6)+$B$14<$B$4,0,1),0), IF($B$11=1,IF(RANDBETWEEN(1,6)=6,1,0),0)+ IF(RANDBETWEEN(1,6)<$B$5, IF($B$13=1,IF(RANDBETWEEN(1,6)<$B$5,0,1),0), IF(RANDBETWEEN(1,6)>=($B$6-$B$7+$B$15),0, IF($B$8>0,IF(RANDBETWEEN(1,6)>=$B$8,0, IF($B$9=1,$B$10,IF($B$9=2,RANDBETWEEN(1,3),RANDBETWEEN(1,6)))), IF($B$9=1,$B$10,IF($B$9=2,RANDBETWEEN(1,3),RANDBETWEEN(1,6)))))))) -> 0 | L122: =IF(10>$B$3,0, IF(RANDBETWEEN(1,6)+$B$14<$B$4, IF($B$12=1,IF(RANDBETWEEN(1,6)+$B$14<$B$4,0,1),0), IF($B$11=1,IF(RANDBETWEEN(1,6)=6,1,0),0)+ IF(RANDBETWEEN(1,6)<$B$5, IF($B$13=1,IF(RANDBETWEEN(1,6)<$B$5,0,1),0), IF(RANDBETWEEN(1,6)>=($B$6-$B$7+$B$15),0, IF($B$8>0,IF(RANDBETWEEN(1,6)>=$B$8,0, IF($B$9=1,$B$10,IF($B$9=2,RANDBETWEEN(1,3),RANDBETWEEN(1,6)))), IF($B$9=1,$B$10,IF($B$9=2,RANDBETWEEN(1,3),RANDBETWEEN(1,6)))))))) -> 3 | M122: =IF(11>$B$3,0, IF(RANDBETWEEN(1,6)+$B$14<$B$4, IF($B$12=1,IF(RANDBETWEEN(1,6)+$B$14<$B$4,0,1),0), IF($B$11=1,IF(RANDBETWEEN(1,6)=6,1,0),0)+ IF(RANDBETWEEN(1,6)<$B$5, IF($B$13=1,IF(RANDBETWEEN(1,6)<$B$5,0,1),0), IF(RANDBETWEEN(1,6)>=($B$6-$B$7+$B$15),0, IF($B$8>0,IF(RANDBETWEEN(1,6)>=$B$8,0, IF($B$9=1,$B$10,IF($B$9=2,RANDBETWEEN(1,3),RANDBETWEEN(1,6)))), IF($B$9=1,$B$10,IF($B$9=2,RANDBETWEEN(1,3),RANDBETWEEN(1,6)))))))) -> 0 | N122: =IF(12>$B$3,0, IF(RANDBETWEEN(1,6)+$B$14<$B$4, IF($B$12=1,IF(RANDBETWEEN(1,6)+$B$14<$B$4,0,1),0), IF($B$11=1,IF(RANDBETWEEN(1,6)=6,1,0),0)+ IF(RANDBETWEEN(1,6)<$B$5, IF($B$13=1,IF(RANDBETWEEN(1,6)<$B$5,0,1),0), IF(RANDBETWEEN(1,6)>=($B$6-$B$7+$B$15),0, IF($B$8>0,IF(RANDBETWEEN(1,6)>=$B$8,0, IF($B$9=1,$B$10,IF($B$9=2,RANDBETWEEN(1,3),RANDBETWEEN(1,6)))), IF($B$9=1,$B$10,IF($B$9=2,RANDBETWEEN(1,3),RANDBETWEEN(1,6)))))))) -> 0 | O122: =IF(13>$B$3,0, IF(RANDBETWEEN(1,6)+$B$14<$B$4, IF($B$12=1,IF(RANDBETWEEN(1,6)+$B$14<$B$4,0,1),0), IF($B$11=1,IF(RANDBETWEEN(1,6)=6,1,0),0)+ IF(RANDBETWEEN(1,6)<$B$5, IF($B$13=1,IF(RANDBETWEEN(1,6)<$B$5,0,1),0), IF(RANDBETWEEN(1,6)>=($B$6-$B$7+$B$15),0, IF($B$8>0,IF(RANDBETWEEN(1,6)>=$B$8,0, IF($B$9=1,$B$10,IF($B$9=2,RANDBETWEEN(1,3),RANDBETWEEN(1,6)))), IF($B$9=1,$B$10,IF($B$9=2,RANDBETWEEN(1,3),RANDBETWEEN(1,6)))))))) -> 0 | P122: =IF(14>$B$3,0, IF(RANDBETWEEN(1,6)+$B$14<$B$4, IF($B$12=1,IF(RANDBETWEEN(1,6)+$B$14<$B$4,0,1),0), IF($B$11=1,IF(RANDBETWEEN(1,6)=6,1,0),0)+ IF(RANDBETWEEN(1,6)<$B$5, IF($B$13=1,IF(RANDBETWEEN(1,6)<$B$5,0,1),0), IF(RANDBETWEEN(1,6)>=($B$6-$B$7+$B$15),0, IF($B$8>0,IF(RANDBETWEEN(1,6)>=$B$8,0, IF($B$9=1,$B$10,IF($B$9=2,RANDBETWEEN(1,3),RANDBETWEEN(1,6)))), IF($B$9=1,$B$10,IF($B$9=2,RANDBETWEEN(1,3),RANDBETWEEN(1,6)))))))) -> 0 | Q122: =IF(15>$B$3,0, IF(RANDBETWEEN(1,6)+$B$14<$B$4, IF($B$12=1,IF(RANDBETWEEN(1,6)+$B$14<$B$4,0,1),0), IF($B$11=1,IF(RANDBETWEEN(1,6)=6,1,0),0)+ IF(RANDBETWEEN(1,6)<$B$5, IF($B$13=1,IF(RANDBETWEEN(1,6)<$B$5,0,1),0), IF(RANDBETWEEN(1,6)>=($B$6-$B$7+$B$15),0, IF($B$8>0,IF(RANDBETWEEN(1,6)>=$B$8,0, IF($B$9=1,$B$10,IF($B$9=2,RANDBETWEEN(1,3),RANDBETWEEN(1,6)))), IF($B$9=1,$B$10,IF($B$9=2,RANDBETWEEN(1,3),RANDBETWEEN(1,6)))))))) -> 0 | R122: =IF(16>$B$3,0, IF(RANDBETWEEN(1,6)+$B$14<$B$4, IF($B$12=1,IF(RANDBETWEEN(1,6)+$B$14<$B$4,0,1),0), IF($B$11=1,IF(RANDBETWEEN(1,6)=6,1,0),0)+ IF(RANDBETWEEN(1,6)<$B$5, IF($B$13=1,IF(RANDBETWEEN(1,6)<$B$5,0,1),0), IF(RANDBETWEEN(1,6)>=($B$6-$B$7+$B$15),0, IF($B$8>0,IF(RANDBETWEEN(1,6)>=$B$8,0, IF($B$9=1,$B$10,IF($B$9=2,RANDBETWEEN(1,3),RANDBETWEEN(1,6)))), IF($B$9=1,$B$10,IF($B$9=2,RANDBETWEEN(1,3),RANDBETWEEN(1,6)))))))) -> 0 | S122: =IF(17>$B$3,0, IF(RANDBETWEEN(1,6)+$B$14<$B$4, IF($B$12=1,IF(RANDBETWEEN(1,6)+$B$14<$B$4,0,1),0), IF($B$11=1,IF(RANDBETWEEN(1,6)=6,1,0),0)+ IF(RANDBETWEEN(1,6)<$B$5, IF($B$13=1,IF(RANDBETWEEN(1,6)<$B$5,0,1),0), IF(RANDBETWEEN(1,6)>=($B$6-$B$7+$B$15),0, IF($B$8>0,IF(RANDBETWEEN(1,6)>=$B$8,0, IF($B$9=1,$B$10,IF($B$9=2,RANDBETWEEN(1,3),RANDBETWEEN(1,6)))), IF($B$9=1,$B$10,IF($B$9=2,RANDBETWEEN(1,3),RANDBETWEEN(1,6)))))))) -> 0 | T122: =IF(18>$B$3,0, IF(RANDBETWEEN(1,6)+$B$14<$B$4, IF($B$12=1,IF(RANDBETWEEN(1,6)+$B$14<$B$4,0,1),0), IF($B$11=1,IF(RANDBETWEEN(1,6)=6,1,0),0)+ IF(RANDBETWEEN(1,6)<$B$5, IF($B$13=1,IF(RANDBETWEEN(1,6)<$B$5,0,1),0), IF(RANDBETWEEN(1,6)>=($B$6-$B$7+$B$15),0, IF($B$8>0,IF(RANDBETWEEN(1,6)>=$B$8,0, IF($B$9=1,$B$10,IF($B$9=2,RANDBETWEEN(1,3),RANDBETWEEN(1,6)))), IF($B$9=1,$B$10,IF($B$9=2,RANDBETWEEN(1,3),RANDBETWEEN(1,6)))))))) -> 0 | U122: =IF(19>$B$3,0, IF(RANDBETWEEN(1,6)+$B$14<$B$4, IF($B$12=1,IF(RANDBETWEEN(1,6)+$B$14<$B$4,0,1),0), IF($B$11=1,IF(RANDBETWEEN(1,6)=6,1,0),0)+ IF(RANDBETWEEN(1,6)<$B$5, IF($B$13=1,IF(RANDBETWEEN(1,6)<$B$5,0,1),0), IF(RANDBETWEEN(1,6)>=($B$6-$B$7+$B$15),0, IF($B$8>0,IF(RANDBETWEEN(1,6)>=$B$8,0, IF($B$9=1,$B$10,IF($B$9=2,RANDBETWEEN(1,3),RANDBETWEEN(1,6)))), IF($B$9=1,$B$10,IF($B$9=2,RANDBETWEEN(1,3),RANDBETWEEN(1,6)))))))) -> 0 | V122: =IF(20>$B$3,0, IF(RANDBETWEEN(1,6)+$B$14<$B$4, IF($B$12=1,IF(RANDBETWEEN(1,6)+$B$14<$B$4,0,1),0), IF($B$11=1,IF(RANDBETWEEN(1,6)=6,1,0),0)+ IF(RANDBETWEEN(1,6)<$B$5, IF($B$13=1,IF(RANDBETWEEN(1,6)<$B$5,0,1),0), IF(RANDBETWEEN(1,6)>=($B$6-$B$7+$B$15),0, IF($B$8>0,IF(RANDBETWEEN(1,6)>=$B$8,0, IF($B$9=1,$B$10,IF($B$9=2,RANDBETWEEN(1,3),RANDBETWEEN(1,6)))), IF($B$9=1,$B$10,IF($B$9=2,RANDBETWEEN(1,3),RANDBETWEEN(1,6)))))))) -> 0 | W122: =IF(21>$B$3,0, IF(RANDBETWEEN(1,6)+$B$14<$B$4, IF($B$12=1,IF(RANDBETWEEN(1,6)+$B$14<$B$4,0,1),0), IF($B$11=1,IF(RANDBETWEEN(1,6)=6,1,0),0)+ IF(RANDBETWEEN(1,6)<$B$5, IF($B$13=1,IF(RANDBETWEEN(1,6)<$B$5,0,1),0), IF(RANDBETWEEN(1,6)>=($B$6-$B$7+$B$15),0, IF($B$8>0,IF(RANDBETWEEN(1,6)>=$B$8,0, IF($B$9=1,$B$10,IF($B$9=2,RANDBETWEEN(1,3),RANDBETWEEN(1,6)))), IF($B$9=1,$B$10,IF($B$9=2,RANDBETWEEN(1,3),RANDBETWEEN(1,6)))))))) -> 0 | X122: =IF(22>$B$3,0, IF(RANDBETWEEN(1,6)+$B$14<$B$4, IF($B$12=1,IF(RANDBETWEEN(1,6)+$B$14<$B$4,0,1),0), IF($B$11=1,IF(RANDBETWEEN(1,6)=6,1,0),0)+ IF(RANDBETWEEN(1,6)<$B$5, IF($B$13=1,IF(RANDBETWEEN(1,6)<$B$5,0,1),0), IF(RANDBETWEEN(1,6)>=($B$6-$B$7+$B$15),0, IF($B$8>0,IF(RANDBETWEEN(1,6)>=$B$8,0, IF($B$9=1,$B$10,IF($B$9=2,RANDBETWEEN(1,3),RANDBETWEEN(1,6)))), IF($B$9=1,$B$10,IF($B$9=2,RANDBETWEEN(1,3),RANDBETWEEN(1,6)))))))) -> 0 | Y122: =IF(23>$B$3,0, IF(RANDBETWEEN(1,6)+$B$14<$B$4, IF($B$12=1,IF(RANDBETWEEN(1,6)+$B$14<$B$4,0,1),0), IF($B$11=1,IF(RANDBETWEEN(1,6)=6,1,0),0)+ IF(RANDBETWEEN(1,6)<$B$5, IF($B$13=1,IF(RANDBETWEEN(1,6)<$B$5,0,1),0), IF(RANDBETWEEN(1,6)>=($B$6-$B$7+$B$15),0, IF($B$8>0,IF(RANDBETWEEN(1,6)>=$B$8,0, IF($B$9=1,$B$10,IF($B$9=2,RANDBETWEEN(1,3),RANDBETWEEN(1,6)))), IF($B$9=1,$B$10,IF($B$9=2,RANDBETWEEN(1,3),RANDBETWEEN(1,6)))))))) -> 0 | Z122: =IF(24>$B$3,0, IF(RANDBETWEEN(1,6)+$B$14<$B$4, IF($B$12=1,IF(RANDBETWEEN(1,6)+$B$14<$B$4,0,1),0), IF($B$11=1,IF(RANDBETWEEN(1,6)=6,1,0),0)+ IF(RANDBETWEEN(1,6)<$B$5, IF($B$13=1,IF(RANDBETWEEN(1,6)<$B$5,0,1),0), IF(RANDBETWEEN(1,6)>=($B$6-$B$7+$B$15),0, IF($B$8>0,IF(RANDBETWEEN(1,6)>=$B$8,0, IF($B$9=1,$B$10,IF($B$9=2,RANDBETWEEN(1,3),RANDBETWEEN(1,6)))), IF($B$9=1,$B$10,IF($B$9=2,RANDBETWEEN(1,3),RANDBETWEEN(1,6)))))))) -> 0 | AA122: =IF(25>$B$3,0, IF(RANDBETWEEN(1,6)+$B$14<$B$4, IF($B$12=1,IF(RANDBETWEEN(1,6)+$B$14<$B$4,0,1),0), IF($B$11=1,IF(RANDBETWEEN(1,6)=6,1,0),0)+ IF(RANDBETWEEN(1,6)<$B$5, IF($B$13=1,IF(RANDBETWEEN(1,6)<$B$5,0,1),0), IF(RANDBETWEEN(1,6)>=($B$6-$B$7+$B$15),0, IF($B$8>0,IF(RANDBETWEEN(1,6)>=$B$8,0, IF($B$9=1,$B$10,IF($B$9=2,RANDBETWEEN(1,3),RANDBETWEEN(1,6)))), IF($B$9=1,$B$10,IF($B$9=2,RANDBETWEEN(1,3),RANDBETWEEN(1,6)))))))) -> 0 | AB122: =IF(26>$B$3,0, IF(RANDBETWEEN(1,6)+$B$14<$B$4, IF($B$12=1,IF(RANDBETWEEN(1,6)+$B$14<$B$4,0,1),0), IF($B$11=1,IF(RANDBETWEEN(1,6)=6,1,0),0)+ IF(RANDBETWEEN(1,6)<$B$5, IF($B$13=1,IF(RANDBETWEEN(1,6)<$B$5,0,1),0), IF(RANDBETWEEN(1,6)>=($B$6-$B$7+$B$15),0, IF($B$8>0,IF(RANDBETWEEN(1,6)>=$B$8,0, IF($B$9=1,$B$10,IF($B$9=2,RANDBETWEEN(1,3),RANDBETWEEN(1,6)))), IF($B$9=1,$B$10,IF($B$9=2,RANDBETWEEN(1,3),RANDBETWEEN(1,6)))))))) -> 0 | AC122: =IF(27>$B$3,0, IF(RANDBETWEEN(1,6)+$B$14<$B$4, IF($B$12=1,IF(RANDBETWEEN(1,6)+$B$14<$B$4,0,1),0), IF($B$11=1,IF(RANDBETWEEN(1,6)=6,1,0),0)+ IF(RANDBETWEEN(1,6)<$B$5, IF($B$13=1,IF(RANDBETWEEN(1,6)<$B$5,0,1),0), IF(RANDBETWEEN(1,6)>=($B$6-$B$7+$B$15),0, IF($B$8>0,IF(RANDBETWEEN(1,6)>=$B$8,0, IF($B$9=1,$B$10,IF($B$9=2,RANDBETWEEN(1,3),RANDBETWEEN(1,6)))), IF($B$9=1,$B$10,IF($B$9=2,RANDBETWEEN(1,3),RANDBETWEEN(1,6)))))))) -> 0 | AD122: =IF(28>$B$3,0, IF(RANDBETWEEN(1,6)+$B$14<$B$4, IF($B$12=1,IF(RANDBETWEEN(1,6)+$B$14<$B$4,0,1),0), IF($B$11=1,IF(RANDBETWEEN(1,6)=6,1,0),0)+ IF(RANDBETWEEN(1,6)<$B$5, IF($B$13=1,IF(RANDBETWEEN(1,6)<$B$5,0,1),0), IF(RANDBETWEEN(1,6)>=($B$6-$B$7+$B$15),0, IF($B$8>0,IF(RANDBETWEEN(1,6)>=$B$8,0, IF($B$9=1,$B$10,IF($B$9=2,RANDBETWEEN(1,3),RANDBETWEEN(1,6)))), IF($B$9=1,$B$10,IF($B$9=2,RANDBETWEEN(1,3),RANDBETWEEN(1,6)))))))) -> 0 | AE122: =IF(29>$B$3,0, IF(RANDBETWEEN(1,6)+$B$14<$B$4, IF($B$12=1,IF(RANDBETWEEN(1,6)+$B$14<$B$4,0,1),0), IF($B$11=1,IF(RANDBETWEEN(1,6)=6,1,0),0)+ IF(RANDBETWEEN(1,6)<$B$5, IF($B$13=1,IF(RANDBETWEEN(1,6)<$B$5,0,1),0), IF(RANDBETWEEN(1,6)>=($B$6-$B$7+$B$15),0, IF($B$8>0,IF(RANDBETWEEN(1,6)>=$B$8,0, IF($B$9=1,$B$10,IF($B$9=2,RANDBETWEEN(1,3),RANDBETWEEN(1,6)))), IF($B$9=1,$B$10,IF($B$9=2,RANDBETWEEN(1,3),RANDBETWEEN(1,6)))))))) -> 0 | AF122: =IF(30>$B$3,0, IF(RANDBETWEEN(1,6)+$B$14<$B$4, IF($B$12=1,IF(RANDBETWEEN(1,6)+$B$14<$B$4,0,1),0), IF($B$11=1,IF(RANDBETWEEN(1,6)=6,1,0),0)+ IF(RANDBETWEEN(1,6)<$B$5, IF($B$13=1,IF(RANDBETWEEN(1,6)<$B$5,0,1),0), IF(RANDBETWEEN(1,6)>=($B$6-$B$7+$B$15),0, IF($B$8>0,IF(RANDBETWEEN(1,6)>=$B$8,0, IF($B$9=1,$B$10,IF($B$9=2,RANDBETWEEN(1,3),RANDBETWEEN(1,6)))), IF($B$9=1,$B$10,IF($B$9=2,RANDBETWEEN(1,3),RANDBETWEEN(1,6)))))))) -> 0
A123: 4 | B123: =SUM(C123:AF123) -> 6 | C123: =IF(1>$B$3,0, IF(RANDBETWEEN(1,6)+$B$14<$B$4, IF($B$12=1,IF(RANDBETWEEN(1,6)+$B$14<$B$4,0,1),0), IF($B$11=1,IF(RANDBETWEEN(1,6)=6,1,0),0)+ IF(RANDBETWEEN(1,6)<$B$5, IF($B$13=1,IF(RANDBETWEEN(1,6)<$B$5,0,1),0), IF(RANDBETWEEN(1,6)>=($B$6-$B$7+$B$15),0, IF($B$8>0,IF(RANDBETWEEN(1,6)>=$B$8,0, IF($B$9=1,$B$10,IF($B$9=2,RANDBETWEEN(1,3),RANDBETWEEN(1,6)))), IF($B$9=1,$B$10,IF($B$9=2,RANDBETWEEN(1,3),RANDBETWEEN(1,6)))))))) -> 0 | D123: =IF(2>$B$3,0, IF(RANDBETWEEN(1,6)+$B$14<$B$4, IF($B$12=1,IF(RANDBETWEEN(1,6)+$B$14<$B$4,0,1),0), IF($B$11=1,IF(RANDBETWEEN(1,6)=6,1,0),0)+ IF(RANDBETWEEN(1,6)<$B$5, IF($B$13=1,IF(RANDBETWEEN(1,6)<$B$5,0,1),0), IF(RANDBETWEEN(1,6)>=($B$6-$B$7+$B$15),0, IF($B$8>0,IF(RANDBETWEEN(1,6)>=$B$8,0, IF($B$9=1,$B$10,IF($B$9=2,RANDBETWEEN(1,3),RANDBETWEEN(1,6)))), IF($B$9=1,$B$10,IF($B$9=2,RANDBETWEEN(1,3),RANDBETWEEN(1,6)))))))) -> 0 | E123: =IF(3>$B$3,0, IF(RANDBETWEEN(1,6)+$B$14<$B$4, IF($B$12=1,IF(RANDBETWEEN(1,6)+$B$14<$B$4,0,1),0), IF($B$11=1,IF(RANDBETWEEN(1,6)=6,1,0),0)+ IF(RANDBETWEEN(1,6)<$B$5, IF($B$13=1,IF(RANDBETWEEN(1,6)<$B$5,0,1),0), IF(RANDBETWEEN(1,6)>=($B$6-$B$7+$B$15),0, IF($B$8>0,IF(RANDBETWEEN(1,6)>=$B$8,0, IF($B$9=1,$B$10,IF($B$9=2,RANDBETWEEN(1,3),RANDBETWEEN(1,6)))), IF($B$9=1,$B$10,IF($B$9=2,RANDBETWEEN(1,3),RANDBETWEEN(1,6)))))))) -> 0 | F123: =IF(4>$B$3,0, IF(RANDBETWEEN(1,6)+$B$14<$B$4, IF($B$12=1,IF(RANDBETWEEN(1,6)+$B$14<$B$4,0,1),0), IF($B$11=1,IF(RANDBETWEEN(1,6)=6,1,0),0)+ IF(RANDBETWEEN(1,6)<$B$5, IF($B$13=1,IF(RANDBETWEEN(1,6)<$B$5,0,1),0), IF(RANDBETWEEN(1,6)>=($B$6-$B$7+$B$15),0, IF($B$8>0,IF(RANDBETWEEN(1,6)>=$B$8,0, IF($B$9=1,$B$10,IF($B$9=2,RANDBETWEEN(1,3),RANDBETWEEN(1,6)))), IF($B$9=1,$B$10,IF($B$9=2,RANDBETWEEN(1,3),RANDBETWEEN(1,6)))))))) -> 0 | G123: =IF(5>$B$3,0, IF(RANDBETWEEN(1,6)+$B$14<$B$4, IF($B$12=1,IF(RANDBETWEEN(1,6)+$B$14<$B$4,0,1),0), IF($B$11=1,IF(RANDBETWEEN(1,6)=6,1,0),0)+ IF(RANDBETWEEN(1,6)<$B$5, IF($B$13=1,IF(RANDBETWEEN(1,6)<$B$5,0,1),0), IF(RANDBETWEEN(1,6)>=($B$6-$B$7+$B$15),0, IF($B$8>0,IF(RANDBETWEEN(1,6)>=$B$8,0, IF($B$9=1,$B$10,IF($B$9=2,RANDBETWEEN(1,3),RANDBETWEEN(1,6)))), IF($B$9=1,$B$10,IF($B$9=2,RANDBETWEEN(1,3),RANDBETWEEN(1,6)))))))) -> 0 | H123: =IF(6>$B$3,0, IF(RANDBETWEEN(1,6)+$B$14<$B$4, IF($B$12=1,IF(RANDBETWEEN(1,6)+$B$14<$B$4,0,1),0), IF($B$11=1,IF(RANDBETWEEN(1,6)=6,1,0),0)+ IF(RANDBETWEEN(1,6)<$B$5, IF($B$13=1,IF(RANDBETWEEN(1,6)<$B$5,0,1),0), IF(RANDBETWEEN(1,6)>=($B$6-$B$7+$B$15),0, IF($B$8>0,IF(RANDBETWEEN(1,6)>=$B$8,0, IF($B$9=1,$B$10,IF($B$9=2,RANDBETWEEN(1,3),RANDBETWEEN(1,6)))), IF($B$9=1,$B$10,IF($B$9=2,RANDBETWEEN(1,3),RANDBETWEEN(1,6)))))))) -> 0 | I123: =IF(7>$B$3,0, IF(RANDBETWEEN(1,6)+$B$14<$B$4, IF($B$12=1,IF(RANDBETWEEN(1,6)+$B$14<$B$4,0,1),0), IF($B$11=1,IF(RANDBETWEEN(1,6)=6,1,0),0)+ IF(RANDBETWEEN(1,6)<$B$5, IF($B$13=1,IF(RANDBETWEEN(1,6)<$B$5,0,1),0), IF(RANDBETWEEN(1,6)>=($B$6-$B$7+$B$15),0, IF($B$8>0,IF(RANDBETWEEN(1,6)>=$B$8,0, IF($B$9=1,$B$10,IF($B$9=2,RANDBETWEEN(1,3),RANDBETWEEN(1,6)))), IF($B$9=1,$B$10,IF($B$9=2,RANDBETWEEN(1,3),RANDBETWEEN(1,6)))))))) -> 0 | J123: =IF(8>$B$3,0, IF(RANDBETWEEN(1,6)+$B$14<$B$4, IF($B$12=1,IF(RANDBETWEEN(1,6)+$B$14<$B$4,0,1),0), IF($B$11=1,IF(RANDBETWEEN(1,6)=6,1,0),0)+ IF(RANDBETWEEN(1,6)<$B$5, IF($B$13=1,IF(RANDBETWEEN(1,6)<$B$5,0,1),0), IF(RANDBETWEEN(1,6)>=($B$6-$B$7+$B$15),0, IF($B$8>0,IF(RANDBETWEEN(1,6)>=$B$8,0, IF($B$9=1,$B$10,IF($B$9=2,RANDBETWEEN(1,3),RANDBETWEEN(1,6)))), IF($B$9=1,$B$10,IF($B$9=2,RANDBETWEEN(1,3),RANDBETWEEN(1,6)))))))) -> 0 | K123: =IF(9>$B$3,0, IF(RANDBETWEEN(1,6)+$B$14<$B$4, IF($B$12=1,IF(RANDBETWEEN(1,6)+$B$14<$B$4,0,1),0), IF($B$11=1,IF(RANDBETWEEN(1,6)=6,1,0),0)+ IF(RANDBETWEEN(1,6)<$B$5, IF($B$13=1,IF(RANDBETWEEN(1,6)<$B$5,0,1),0), IF(RANDBETWEEN(1,6)>=($B$6-$B$7+$B$15),0, IF($B$8>0,IF(RANDBETWEEN(1,6)>=$B$8,0, IF($B$9=1,$B$10,IF($B$9=2,RANDBETWEEN(1,3),RANDBETWEEN(1,6)))), IF($B$9=1,$B$10,IF($B$9=2,RANDBETWEEN(1,3),RANDBETWEEN(1,6)))))))) -> 3 | L123: =IF(10>$B$3,0, IF(RANDBETWEEN(1,6)+$B$14<$B$4, IF($B$12=1,IF(RANDBETWEEN(1,6)+$B$14<$B$4,0,1),0), IF($B$11=1,IF(RANDBETWEEN(1,6)=6,1,0),0)+ IF(RANDBETWEEN(1,6)<$B$5, IF($B$13=1,IF(RANDBETWEEN(1,6)<$B$5,0,1),0), IF(RANDBETWEEN(1,6)>=($B$6-$B$7+$B$15),0, IF($B$8>0,IF(RANDBETWEEN(1,6)>=$B$8,0, IF($B$9=1,$B$10,IF($B$9=2,RANDBETWEEN(1,3),RANDBETWEEN(1,6)))), IF($B$9=1,$B$10,IF($B$9=2,RANDBETWEEN(1,3),RANDBETWEEN(1,6)))))))) -> 0 | M123: =IF(11>$B$3,0, IF(RANDBETWEEN(1,6)+$B$14<$B$4, IF($B$12=1,IF(RANDBETWEEN(1,6)+$B$14<$B$4,0,1),0), IF($B$11=1,IF(RANDBETWEEN(1,6)=6,1,0),0)+ IF(RANDBETWEEN(1,6)<$B$5, IF($B$13=1,IF(RANDBETWEEN(1,6)<$B$5,0,1),0), IF(RANDBETWEEN(1,6)>=($B$6-$B$7+$B$15),0, IF($B$8>0,IF(RANDBETWEEN(1,6)>=$B$8,0, IF($B$9=1,$B$10,IF($B$9=2,RANDBETWEEN(1,3),RANDBETWEEN(1,6)))), IF($B$9=1,$B$10,IF($B$9=2,RANDBETWEEN(1,3),RANDBETWEEN(1,6)))))))) -> 3 | N123: =IF(12>$B$3,0, IF(RANDBETWEEN(1,6)+$B$14<$B$4, IF($B$12=1,IF(RANDBETWEEN(1,6)+$B$14<$B$4,0,1),0), IF($B$11=1,IF(RANDBETWEEN(1,6)=6,1,0),0)+ IF(RANDBETWEEN(1,6)<$B$5, IF($B$13=1,IF(RANDBETWEEN(1,6)<$B$5,0,1),0), IF(RANDBETWEEN(1,6)>=($B$6-$B$7+$B$15),0, IF($B$8>0,IF(RANDBETWEEN(1,6)>=$B$8,0, IF($B$9=1,$B$10,IF($B$9=2,RANDBETWEEN(1,3),RANDBETWEEN(1,6)))), IF($B$9=1,$B$10,IF($B$9=2,RANDBETWEEN(1,3),RANDBETWEEN(1,6)))))))) -> 0 | O123: =IF(13>$B$3,0, IF(RANDBETWEEN(1,6)+$B$14<$B$4, IF($B$12=1,IF(RANDBETWEEN(1,6)+$B$14<$B$4,0,1),0), IF($B$11=1,IF(RANDBETWEEN(1,6)=6,1,0),0)+ IF(RANDBETWEEN(1,6)<$B$5, IF($B$13=1,IF(RANDBETWEEN(1,6)<$B$5,0,1),0), IF(RANDBETWEEN(1,6)>=($B$6-$B$7+$B$15),0, IF($B$8>0,IF(RANDBETWEEN(1,6)>=$B$8,0, IF($B$9=1,$B$10,IF($B$9=2,RANDBETWEEN(1,3),RANDBETWEEN(1,6)))), IF($B$9=1,$B$10,IF($B$9=2,RANDBETWEEN(1,3),RANDBETWEEN(1,6)))))))) -> 0 | P123: =IF(14>$B$3,0, IF(RANDBETWEEN(1,6)+$B$14<$B$4, IF($B$12=1,IF(RANDBETWEEN(1,6)+$B$14<$B$4,0,1),0), IF($B$11=1,IF(RANDBETWEEN(1,6)=6,1,0),0)+ IF(RANDBETWEEN(1,6)<$B$5, IF($B$13=1,IF(RANDBETWEEN(1,6)<$B$5,0,1),0), IF(RANDBETWEEN(1,6)>=($B$6-$B$7+$B$15),0, IF($B$8>0,IF(RANDBETWEEN(1,6)>=$B$8,0, IF($B$9=1,$B$10,IF($B$9=2,RANDBETWEEN(1,3),RANDBETWEEN(1,6)))), IF($B$9=1,$B$10,IF($B$9=2,RANDBETWEEN(1,3),RANDBETWEEN(1,6)))))))) -> 0 | Q123: =IF(15>$B$3,0, IF(RANDBETWEEN(1,6)+$B$14<$B$4, IF($B$12=1,IF(RANDBETWEEN(1,6)+$B$14<$B$4,0,1),0), IF($B$11=1,IF(RANDBETWEEN(1,6)=6,1,0),0)+ IF(RANDBETWEEN(1,6)<$B$5, IF($B$13=1,IF(RANDBETWEEN(1,6)<$B$5,0,1),0), IF(RANDBETWEEN(1,6)>=($B$6-$B$7+$B$15),0, IF($B$8>0,IF(RANDBETWEEN(1,6)>=$B$8,0, IF($B$9=1,$B$10,IF($B$9=2,RANDBETWEEN(1,3),RANDBETWEEN(1,6)))), IF($B$9=1,$B$10,IF($B$9=2,RANDBETWEEN(1,3),RANDBETWEEN(1,6)))))))) -> 0 | R123: =IF(16>$B$3,0, IF(RANDBETWEEN(1,6)+$B$14<$B$4, IF($B$12=1,IF(RANDBETWEEN(1,6)+$B$14<$B$4,0,1),0), IF($B$11=1,IF(RANDBETWEEN(1,6)=6,1,0),0)+ IF(RANDBETWEEN(1,6)<$B$5, IF($B$13=1,IF(RANDBETWEEN(1,6)<$B$5,0,1),0), IF(RANDBETWEEN(1,6)>=($B$6-$B$7+$B$15),0, IF($B$8>0,IF(RANDBETWEEN(1,6)>=$B$8,0, IF($B$9=1,$B$10,IF($B$9=2,RANDBETWEEN(1,3),RANDBETWEEN(1,6)))), IF($B$9=1,$B$10,IF($B$9=2,RANDBETWEEN(1,3),RANDBETWEEN(1,6)))))))) -> 0 | S123: =IF(17>$B$3,0, IF(RANDBETWEEN(1,6)+$B$14<$B$4, IF($B$12=1,IF(RANDBETWEEN(1,6)+$B$14<$B$4,0,1),0), IF($B$11=1,IF(RANDBETWEEN(1,6)=6,1,0),0)+ IF(RANDBETWEEN(1,6)<$B$5, IF($B$13=1,IF(RANDBETWEEN(1,6)<$B$5,0,1),0), IF(RANDBETWEEN(1,6)>=($B$6-$B$7+$B$15),0, IF($B$8>0,IF(RANDBETWEEN(1,6)>=$B$8,0, IF($B$9=1,$B$10,IF($B$9=2,RANDBETWEEN(1,3),RANDBETWEEN(1,6)))), IF($B$9=1,$B$10,IF($B$9=2,RANDBETWEEN(1,3),RANDBETWEEN(1,6)))))))) -> 0 | T123: =IF(18>$B$3,0, IF(RANDBETWEEN(1,6)+$B$14<$B$4, IF($B$12=1,IF(RANDBETWEEN(1,6)+$B$14<$B$4,0,1),0), IF($B$11=1,IF(RANDBETWEEN(1,6)=6,1,0),0)+ IF(RANDBETWEEN(1,6)<$B$5, IF($B$13=1,IF(RANDBETWEEN(1,6)<$B$5,0,1),0), IF(RANDBETWEEN(1,6)>=($B$6-$B$7+$B$15),0, IF($B$8>0,IF(RANDBETWEEN(1,6)>=$B$8,0, IF($B$9=1,$B$10,IF($B$9=2,RANDBETWEEN(1,3),RANDBETWEEN(1,6)))), IF($B$9=1,$B$10,IF($B$9=2,RANDBETWEEN(1,3),RANDBETWEEN(1,6)))))))) -> 0 | U123: =IF(19>$B$3,0, IF(RANDBETWEEN(1,6)+$B$14<$B$4, IF($B$12=1,IF(RANDBETWEEN(1,6)+$B$14<$B$4,0,1),0), IF($B$11=1,IF(RANDBETWEEN(1,6)=6,1,0),0)+ IF(RANDBETWEEN(1,6)<$B$5, IF($B$13=1,IF(RANDBETWEEN(1,6)<$B$5,0,1),0), IF(RANDBETWEEN(1,6)>=($B$6-$B$7+$B$15),0, IF($B$8>0,IF(RANDBETWEEN(1,6)>=$B$8,0, IF($B$9=1,$B$10,IF($B$9=2,RANDBETWEEN(1,3),RANDBETWEEN(1,6)))), IF($B$9=1,$B$10,IF($B$9=2,RANDBETWEEN(1,3),RANDBETWEEN(1,6)))))))) -> 0 | V123: =IF(20>$B$3,0, IF(RANDBETWEEN(1,6)+$B$14<$B$4, IF($B$12=1,IF(RANDBETWEEN(1,6)+$B$14<$B$4,0,1),0), IF($B$11=1,IF(RANDBETWEEN(1,6)=6,1,0),0)+ IF(RANDBETWEEN(1,6)<$B$5, IF($B$13=1,IF(RANDBETWEEN(1,6)<$B$5,0,1),0), IF(RANDBETWEEN(1,6)>=($B$6-$B$7+$B$15),0, IF($B$8>0,IF(RANDBETWEEN(1,6)>=$B$8,0, IF($B$9=1,$B$10,IF($B$9=2,RANDBETWEEN(1,3),RANDBETWEEN(1,6)))), IF($B$9=1,$B$10,IF($B$9=2,RANDBETWEEN(1,3),RANDBETWEEN(1,6)))))))) -> 0 | W123: =IF(21>$B$3,0, IF(RANDBETWEEN(1,6)+$B$14<$B$4, IF($B$12=1,IF(RANDBETWEEN(1,6)+$B$14<$B$4,0,1),0), IF($B$11=1,IF(RANDBETWEEN(1,6)=6,1,0),0)+ IF(RANDBETWEEN(1,6)<$B$5, IF($B$13=1,IF(RANDBETWEEN(1,6)<$B$5,0,1),0), IF(RANDBETWEEN(1,6)>=($B$6-$B$7+$B$15),0, IF($B$8>0,IF(RANDBETWEEN(1,6)>=$B$8,0, IF($B$9=1,$B$10,IF($B$9=2,RANDBETWEEN(1,3),RANDBETWEEN(1,6)))), IF($B$9=1,$B$10,IF($B$9=2,RANDBETWEEN(1,3),RANDBETWEEN(1,6)))))))) -> 0 | X123: =IF(22>$B$3,0, IF(RANDBETWEEN(1,6)+$B$14<$B$4, IF($B$12=1,IF(RANDBETWEEN(1,6)+$B$14<$B$4,0,1),0), IF($B$11=1,IF(RANDBETWEEN(1,6)=6,1,0),0)+ IF(RANDBETWEEN(1,6)<$B$5, IF($B$13=1,IF(RANDBETWEEN(1,6)<$B$5,0,1),0), IF(RANDBETWEEN(1,6)>=($B$6-$B$7+$B$15),0, IF($B$8>0,IF(RANDBETWEEN(1,6)>=$B$8,0, IF($B$9=1,$B$10,IF($B$9=2,RANDBETWEEN(1,3),RANDBETWEEN(1,6)))), IF($B$9=1,$B$10,IF($B$9=2,RANDBETWEEN(1,3),RANDBETWEEN(1,6)))))))) -> 0 | Y123: =IF(23>$B$3,0, IF(RANDBETWEEN(1,6)+$B$14<$B$4, IF($B$12=1,IF(RANDBETWEEN(1,6)+$B$14<$B$4,0,1),0), IF($B$11=1,IF(RANDBETWEEN(1,6)=6,1,0),0)+ IF(RANDBETWEEN(1,6)<$B$5, IF($B$13=1,IF(RANDBETWEEN(1,6)<$B$5,0,1),0), IF(RANDBETWEEN(1,6)>=($B$6-$B$7+$B$15),0, IF($B$8>0,IF(RANDBETWEEN(1,6)>=$B$8,0, IF($B$9=1,$B$10,IF($B$9=2,RANDBETWEEN(1,3),RANDBETWEEN(1,6)))), IF($B$9=1,$B$10,IF($B$9=2,RANDBETWEEN(1,3),RANDBETWEEN(1,6)))))))) -> 0 | Z123: =IF(24>$B$3,0, IF(RANDBETWEEN(1,6)+$B$14<$B$4, IF($B$12=1,IF(RANDBETWEEN(1,6)+$B$14<$B$4,0,1),0), IF($B$11=1,IF(RANDBETWEEN(1,6)=6,1,0),0)+ IF(RANDBETWEEN(1,6)<$B$5, IF($B$13=1,IF(RANDBETWEEN(1,6)<$B$5,0,1),0), IF(RANDBETWEEN(1,6)>=($B$6-$B$7+$B$15),0, IF($B$8>0,IF(RANDBETWEEN(1,6)>=$B$8,0, IF($B$9=1,$B$10,IF($B$9=2,RANDBETWEEN(1,3),RANDBETWEEN(1,6)))), IF($B$9=1,$B$10,IF($B$9=2,RANDBETWEEN(1,3),RANDBETWEEN(1,6)))))))) -> 0 | AA123: =IF(25>$B$3,0, IF(RANDBETWEEN(1,6)+$B$14<$B$4, IF($B$12=1,IF(RANDBETWEEN(1,6)+$B$14<$B$4,0,1),0), IF($B$11=1,IF(RANDBETWEEN(1,6)=6,1,0),0)+ IF(RANDBETWEEN(1,6)<$B$5, IF($B$13=1,IF(RANDBETWEEN(1,6)<$B$5,0,1),0), IF(RANDBETWEEN(1,6)>=($B$6-$B$7+$B$15),0, IF($B$8>0,IF(RANDBETWEEN(1,6)>=$B$8,0, IF($B$9=1,$B$10,IF($B$9=2,RANDBETWEEN(1,3),RANDBETWEEN(1,6)))), IF($B$9=1,$B$10,IF($B$9=2,RANDBETWEEN(1,3),RANDBETWEEN(1,6)))))))) -> 0 | AB123: =IF(26>$B$3,0, IF(RANDBETWEEN(1,6)+$B$14<$B$4, IF($B$12=1,IF(RANDBETWEEN(1,6)+$B$14<$B$4,0,1),0), IF($B$11=1,IF(RANDBETWEEN(1,6)=6,1,0),0)+ IF(RANDBETWEEN(1,6)<$B$5, IF($B$13=1,IF(RANDBETWEEN(1,6)<$B$5,0,1),0), IF(RANDBETWEEN(1,6)>=($B$6-$B$7+$B$15),0, IF($B$8>0,IF(RANDBETWEEN(1,6)>=$B$8,0, IF($B$9=1,$B$10,IF($B$9=2,RANDBETWEEN(1,3),RANDBETWEEN(1,6)))), IF($B$9=1,$B$10,IF($B$9=2,RANDBETWEEN(1,3),RANDBETWEEN(1,6)))))))) -> 0 | AC123: =IF(27>$B$3,0, IF(RANDBETWEEN(1,6)+$B$14<$B$4, IF($B$12=1,IF(RANDBETWEEN(1,6)+$B$14<$B$4,0,1),0), IF($B$11=1,IF(RANDBETWEEN(1,6)=6,1,0),0)+ IF(RANDBETWEEN(1,6)<$B$5, IF($B$13=1,IF(RANDBETWEEN(1,6)<$B$5,0,1),0), IF(RANDBETWEEN(1,6)>=($B$6-$B$7+$B$15),0, IF($B$8>0,IF(RANDBETWEEN(1,6)>=$B$8,0, IF($B$9=1,$B$10,IF($B$9=2,RANDBETWEEN(1,3),RANDBETWEEN(1,6)))), IF($B$9=1,$B$10,IF($B$9=2,RANDBETWEEN(1,3),RANDBETWEEN(1,6)))))))) -> 0 | AD123: =IF(28>$B$3,0, IF(RANDBETWEEN(1,6)+$B$14<$B$4, IF($B$12=1,IF(RANDBETWEEN(1,6)+$B$14<$B$4,0,1),0), IF($B$11=1,IF(RANDBETWEEN(1,6)=6,1,0),0)+ IF(RANDBETWEEN(1,6)<$B$5, IF($B$13=1,IF(RANDBETWEEN(1,6)<$B$5,0,1),0), IF(RANDBETWEEN(1,6)>=($B$6-$B$7+$B$15),0, IF($B$8>0,IF(RANDBETWEEN(1,6)>=$B$8,0, IF($B$9=1,$B$10,IF($B$9=2,RANDBETWEEN(1,3),RANDBETWEEN(1,6)))), IF($B$9=1,$B$10,IF($B$9=2,RANDBETWEEN(1,3),RANDBETWEEN(1,6)))))))) -> 0 | AE123: =IF(29>$B$3,0, IF(RANDBETWEEN(1,6)+$B$14<$B$4, IF($B$12=1,IF(RANDBETWEEN(1,6)+$B$14<$B$4,0,1),0), IF($B$11=1,IF(RANDBETWEEN(1,6)=6,1,0),0)+ IF(RANDBETWEEN(1,6)<$B$5, IF($B$13=1,IF(RANDBETWEEN(1,6)<$B$5,0,1),0), IF(RANDBETWEEN(1,6)>=($B$6-$B$7+$B$15),0, IF($B$8>0,IF(RANDBETWEEN(1,6)>=$B$8,0, IF($B$9=1,$B$10,IF($B$9=2,RANDBETWEEN(1,3),RANDBETWEEN(1,6)))), IF($B$9=1,$B$10,IF($B$9=2,RANDBETWEEN(1,3),RANDBETWEEN(1,6)))))))) -> 0 | AF123: =IF(30>$B$3,0, IF(RANDBETWEEN(1,6)+$B$14<$B$4, IF($B$12=1,IF(RANDBETWEEN(1,6)+$B$14<$B$4,0,1),0), IF($B$11=1,IF(RANDBETWEEN(1,6)=6,1,0),0)+ IF(RANDBETWEEN(1,6)<$B$5, IF($B$13=1,IF(RANDBETWEEN(1,6)<$B$5,0,1),0), IF(RANDBETWEEN(1,6)>=($B$6-$B$7+$B$15),0, IF($B$8>0,IF(RANDBETWEEN(1,6)>=$B$8,0, IF($B$9=1,$B$10,IF($B$9=2,RANDBETWEEN(1,3),RANDBETWEEN(1,6)))), IF($B$9=1,$B$10,IF($B$9=2,RANDBETWEEN(1,3),RANDBETWEEN(1,6)))))))) -> 0
A124: 5 | B124: =SUM(C124:AF124) -> 15 | C124: =IF(1>$B$3,0, IF(RANDBETWEEN(1,6)+$B$14<$B$4, IF($B$12=1,IF(RANDBETWEEN(1,6)+$B$14<$B$4,0,1),0), IF($B$11=1,IF(RANDBETWEEN(1,6)=6,1,0),0)+ IF(RANDBETWEEN(1,6)<$B$5, IF($B$13=1,IF(RANDBETWEEN(1,6)<$B$5,0,1),0), IF(RANDBETWEEN(1,6)>=($B$6-$B$7+$B$15),0, IF($B$8>0,IF(RANDBETWEEN(1,6)>=$B$8,0, IF($B$9=1,$B$10,IF($B$9=2,RANDBETWEEN(1,3),RANDBETWEEN(1,6)))), IF($B$9=1,$B$10,IF($B$9=2,RANDBETWEEN(1,3),RANDBETWEEN(1,6)))))))) -> 0 | D124: =IF(2>$B$3,0, IF(RANDBETWEEN(1,6)+$B$14<$B$4, IF($B$12=1,IF(RANDBETWEEN(1,6)+$B$14<$B$4,0,1),0), IF($B$11=1,IF(RANDBETWEEN(1,6)=6,1,0),0)+ IF(RANDBETWEEN(1,6)<$B$5, IF($B$13=1,IF(RANDBETWEEN(1,6)<$B$5,0,1),0), IF(RANDBETWEEN(1,6)>=($B$6-$B$7+$B$15),0, IF($B$8>0,IF(RANDBETWEEN(1,6)>=$B$8,0, IF($B$9=1,$B$10,IF($B$9=2,RANDBETWEEN(1,3),RANDBETWEEN(1,6)))), IF($B$9=1,$B$10,IF($B$9=2,RANDBETWEEN(1,3),RANDBETWEEN(1,6)))))))) -> 3 | E124: =IF(3>$B$3,0, IF(RANDBETWEEN(1,6)+$B$14<$B$4, IF($B$12=1,IF(RANDBETWEEN(1,6)+$B$14<$B$4,0,1),0), IF($B$11=1,IF(RANDBETWEEN(1,6)=6,1,0),0)+ IF(RANDBETWEEN(1,6)<$B$5, IF($B$13=1,IF(RANDBETWEEN(1,6)<$B$5,0,1),0), IF(RANDBETWEEN(1,6)>=($B$6-$B$7+$B$15),0, IF($B$8>0,IF(RANDBETWEEN(1,6)>=$B$8,0, IF($B$9=1,$B$10,IF($B$9=2,RANDBETWEEN(1,3),RANDBETWEEN(1,6)))), IF($B$9=1,$B$10,IF($B$9=2,RANDBETWEEN(1,3),RANDBETWEEN(1,6)))))))) -> 3 | F124: =IF(4>$B$3,0, IF(RANDBETWEEN(1,6)+$B$14<$B$4, IF($B$12=1,IF(RANDBETWEEN(1,6)+$B$14<$B$4,0,1),0), IF($B$11=1,IF(RANDBETWEEN(1,6)=6,1,0),0)+ IF(RANDBETWEEN(1,6)<$B$5, IF($B$13=1,IF(RANDBETWEEN(1,6)<$B$5,0,1),0), IF(RANDBETWEEN(1,6)>=($B$6-$B$7+$B$15),0, IF($B$8>0,IF(RANDBETWEEN(1,6)>=$B$8,0, IF($B$9=1,$B$10,IF($B$9=2,RANDBETWEEN(1,3),RANDBETWEEN(1,6)))), IF($B$9=1,$B$10,IF($B$9=2,RANDBETWEEN(1,3),RANDBETWEEN(1,6)))))))) -> 3 | G124: =IF(5>$B$3,0, IF(RANDBETWEEN(1,6)+$B$14<$B$4, IF($B$12=1,IF(RANDBETWEEN(1,6)+$B$14<$B$4,0,1),0), IF($B$11=1,IF(RANDBETWEEN(1,6)=6,1,0),0)+ IF(RANDBETWEEN(1,6)<$B$5, IF($B$13=1,IF(RANDBETWEEN(1,6)<$B$5,0,1),0), IF(RANDBETWEEN(1,6)>=($B$6-$B$7+$B$15),0, IF($B$8>0,IF(RANDBETWEEN(1,6)>=$B$8,0, IF($B$9=1,$B$10,IF($B$9=2,RANDBETWEEN(1,3),RANDBETWEEN(1,6)))), IF($B$9=1,$B$10,IF($B$9=2,RANDBETWEEN(1,3),RANDBETWEEN(1,6)))))))) -> 3 | H124: =IF(6>$B$3,0, IF(RANDBETWEEN(1,6)+$B$14<$B$4, IF($B$12=1,IF(RANDBETWEEN(1,6)+$B$14<$B$4,0,1),0), IF($B$11=1,IF(RANDBETWEEN(1,6)=6,1,0),0)+ IF(RANDBETWEEN(1,6)<$B$5, IF($B$13=1,IF(RANDBETWEEN(1,6)<$B$5,0,1),0), IF(RANDBETWEEN(1,6)>=($B$6-$B$7+$B$15),0, IF($B$8>0,IF(RANDBETWEEN(1,6)>=$B$8,0, IF($B$9=1,$B$10,IF($B$9=2,RANDBETWEEN(1,3),RANDBETWEEN(1,6)))), IF($B$9=1,$B$10,IF($B$9=2,RANDBETWEEN(1,3),RANDBETWEEN(1,6)))))))) -> 0 | I124: =IF(7>$B$3,0, IF(RANDBETWEEN(1,6)+$B$14<$B$4, IF($B$12=1,IF(RANDBETWEEN(1,6)+$B$14<$B$4,0,1),0), IF($B$11=1,IF(RANDBETWEEN(1,6)=6,1,0),0)+ IF(RANDBETWEEN(1,6)<$B$5, IF($B$13=1,IF(RANDBETWEEN(1,6)<$B$5,0,1),0), IF(RANDBETWEEN(1,6)>=($B$6-$B$7+$B$15),0, IF($B$8>0,IF(RANDBETWEEN(1,6)>=$B$8,0, IF($B$9=1,$B$10,IF($B$9=2,RANDBETWEEN(1,3),RANDBETWEEN(1,6)))), IF($B$9=1,$B$10,IF($B$9=2,RANDBETWEEN(1,3),RANDBETWEEN(1,6)))))))) -> 0 | J124: =IF(8>$B$3,0, IF(RANDBETWEEN(1,6)+$B$14<$B$4, IF($B$12=1,IF(RANDBETWEEN(1,6)+$B$14<$B$4,0,1),0), IF($B$11=1,IF(RANDBETWEEN(1,6)=6,1,0),0)+ IF(RANDBETWEEN(1,6)<$B$5, IF($B$13=1,IF(RANDBETWEEN(1,6)<$B$5,0,1),0), IF(RANDBETWEEN(1,6)>=($B$6-$B$7+$B$15),0, IF($B$8>0,IF(RANDBETWEEN(1,6)>=$B$8,0, IF($B$9=1,$B$10,IF($B$9=2,RANDBETWEEN(1,3),RANDBETWEEN(1,6)))), IF($B$9=1,$B$10,IF($B$9=2,RANDBETWEEN(1,3),RANDBETWEEN(1,6)))))))) -> 0 | K124: =IF(9>$B$3,0, IF(RANDBETWEEN(1,6)+$B$14<$B$4, IF($B$12=1,IF(RANDBETWEEN(1,6)+$B$14<$B$4,0,1),0), IF($B$11=1,IF(RANDBETWEEN(1,6)=6,1,0),0)+ IF(RANDBETWEEN(1,6)<$B$5, IF($B$13=1,IF(RANDBETWEEN(1,6)<$B$5,0,1),0), IF(RANDBETWEEN(1,6)>=($B$6-$B$7+$B$15),0, IF($B$8>0,IF(RANDBETWEEN(1,6)>=$B$8,0, IF($B$9=1,$B$10,IF($B$9=2,RANDBETWEEN(1,3),RANDBETWEEN(1,6)))), IF($B$9=1,$B$10,IF($B$9=2,RANDBETWEEN(1,3),RANDBETWEEN(1,6)))))))) -> 3 | L124: =IF(10>$B$3,0, IF(RANDBETWEEN(1,6)+$B$14<$B$4, IF($B$12=1,IF(RANDBETWEEN(1,6)+$B$14<$B$4,0,1),0), IF($B$11=1,IF(RANDBETWEEN(1,6)=6,1,0),0)+ IF(RANDBETWEEN(1,6)<$B$5, IF($B$13=1,IF(RANDBETWEEN(1,6)<$B$5,0,1),0), IF(RANDBETWEEN(1,6)>=($B$6-$B$7+$B$15),0, IF($B$8>0,IF(RANDBETWEEN(1,6)>=$B$8,0, IF($B$9=1,$B$10,IF($B$9=2,RANDBETWEEN(1,3),RANDBETWEEN(1,6)))), IF($B$9=1,$B$10,IF($B$9=2,RANDBETWEEN(1,3),RANDBETWEEN(1,6)))))))) -> 0 | M124: =IF(11>$B$3,0, IF(RANDBETWEEN(1,6)+$B$14<$B$4, IF($B$12=1,IF(RANDBETWEEN(1,6)+$B$14<$B$4,0,1),0), IF($B$11=1,IF(RANDBETWEEN(1,6)=6,1,0),0)+ IF(RANDBETWEEN(1,6)<$B$5, IF($B$13=1,IF(RANDBETWEEN(1,6)<$B$5,0,1),0), IF(RANDBETWEEN(1,6)>=($B$6-$B$7+$B$15),0, IF($B$8>0,IF(RANDBETWEEN(1,6)>=$B$8,0, IF($B$9=1,$B$10,IF($B$9=2,RANDBETWEEN(1,3),RANDBETWEEN(1,6)))), IF($B$9=1,$B$10,IF($B$9=2,RANDBETWEEN(1,3),RANDBETWEEN(1,6)))))))) -> 0 | N124: =IF(12>$B$3,0, IF(RANDBETWEEN(1,6)+$B$14<$B$4, IF($B$12=1,IF(RANDBETWEEN(1,6)+$B$14<$B$4,0,1),0), IF($B$11=1,IF(RANDBETWEEN(1,6)=6,1,0),0)+ IF(RANDBETWEEN(1,6)<$B$5, IF($B$13=1,IF(RANDBETWEEN(1,6)<$B$5,0,1),0), IF(RANDBETWEEN(1,6)>=($B$6-$B$7+$B$15),0, IF($B$8>0,IF(RANDBETWEEN(1,6)>=$B$8,0, IF($B$9=1,$B$10,IF($B$9=2,RANDBETWEEN(1,3),RANDBETWEEN(1,6)))), IF($B$9=1,$B$10,IF($B$9=2,RANDBETWEEN(1,3),RANDBETWEEN(1,6)))))))) -> 0 | O124: =IF(13>$B$3,0, IF(RANDBETWEEN(1,6)+$B$14<$B$4, IF($B$12=1,IF(RANDBETWEEN(1,6)+$B$14<$B$4,0,1),0), IF($B$11=1,IF(RANDBETWEEN(1,6)=6,1,0),0)+ IF(RANDBETWEEN(1,6)<$B$5, IF($B$13=1,IF(RANDBETWEEN(1,6)<$B$5,0,1),0), IF(RANDBETWEEN(1,6)>=($B$6-$B$7+$B$15),0, IF($B$8>0,IF(RANDBETWEEN(1,6)>=$B$8,0, IF($B$9=1,$B$10,IF($B$9=2,RANDBETWEEN(1,3),RANDBETWEEN(1,6)))), IF($B$9=1,$B$10,IF($B$9=2,RANDBETWEEN(1,3),RANDBETWEEN(1,6)))))))) -> 0 | P124: =IF(14>$B$3,0, IF(RANDBETWEEN(1,6)+$B$14<$B$4, IF($B$12=1,IF(RANDBETWEEN(1,6)+$B$14<$B$4,0,1),0), IF($B$11=1,IF(RANDBETWEEN(1,6)=6,1,0),0)+ IF(RANDBETWEEN(1,6)<$B$5, IF($B$13=1,IF(RANDBETWEEN(1,6)<$B$5,0,1),0), IF(RANDBETWEEN(1,6)>=($B$6-$B$7+$B$15),0, IF($B$8>0,IF(RANDBETWEEN(1,6)>=$B$8,0, IF($B$9=1,$B$10,IF($B$9=2,RANDBETWEEN(1,3),RANDBETWEEN(1,6)))), IF($B$9=1,$B$10,IF($B$9=2,RANDBETWEEN(1,3),RANDBETWEEN(1,6)))))))) -> 0 | Q124: =IF(15>$B$3,0, IF(RANDBETWEEN(1,6)+$B$14<$B$4, IF($B$12=1,IF(RANDBETWEEN(1,6)+$B$14<$B$4,0,1),0), IF($B$11=1,IF(RANDBETWEEN(1,6)=6,1,0),0)+ IF(RANDBETWEEN(1,6)<$B$5, IF($B$13=1,IF(RANDBETWEEN(1,6)<$B$5,0,1),0), IF(RANDBETWEEN(1,6)>=($B$6-$B$7+$B$15),0, IF($B$8>0,IF(RANDBETWEEN(1,6)>=$B$8,0, IF($B$9=1,$B$10,IF($B$9=2,RANDBETWEEN(1,3),RANDBETWEEN(1,6)))), IF($B$9=1,$B$10,IF($B$9=2,RANDBETWEEN(1,3),RANDBETWEEN(1,6)))))))) -> 0 | R124: =IF(16>$B$3,0, IF(RANDBETWEEN(1,6)+$B$14<$B$4, IF($B$12=1,IF(RANDBETWEEN(1,6)+$B$14<$B$4,0,1),0), IF($B$11=1,IF(RANDBETWEEN(1,6)=6,1,0),0)+ IF(RANDBETWEEN(1,6)<$B$5, IF($B$13=1,IF(RANDBETWEEN(1,6)<$B$5,0,1),0), IF(RANDBETWEEN(1,6)>=($B$6-$B$7+$B$15),0, IF($B$8>0,IF(RANDBETWEEN(1,6)>=$B$8,0, IF($B$9=1,$B$10,IF($B$9=2,RANDBETWEEN(1,3),RANDBETWEEN(1,6)))), IF($B$9=1,$B$10,IF($B$9=2,RANDBETWEEN(1,3),RANDBETWEEN(1,6)))))))) -> 0 | S124: =IF(17>$B$3,0, IF(RANDBETWEEN(1,6)+$B$14<$B$4, IF($B$12=1,IF(RANDBETWEEN(1,6)+$B$14<$B$4,0,1),0), IF($B$11=1,IF(RANDBETWEEN(1,6)=6,1,0),0)+ IF(RANDBETWEEN(1,6)<$B$5, IF($B$13=1,IF(RANDBETWEEN(1,6)<$B$5,0,1),0), IF(RANDBETWEEN(1,6)>=($B$6-$B$7+$B$15),0, IF($B$8>0,IF(RANDBETWEEN(1,6)>=$B$8,0, IF($B$9=1,$B$10,IF($B$9=2,RANDBETWEEN(1,3),RANDBETWEEN(1,6)))), IF($B$9=1,$B$10,IF($B$9=2,RANDBETWEEN(1,3),RANDBETWEEN(1,6)))))))) -> 0 | T124: =IF(18>$B$3,0, IF(RANDBETWEEN(1,6)+$B$14<$B$4, IF($B$12=1,IF(RANDBETWEEN(1,6)+$B$14<$B$4,0,1),0), IF($B$11=1,IF(RANDBETWEEN(1,6)=6,1,0),0)+ IF(RANDBETWEEN(1,6)<$B$5, IF($B$13=1,IF(RANDBETWEEN(1,6)<$B$5,0,1),0), IF(RANDBETWEEN(1,6)>=($B$6-$B$7+$B$15),0, IF($B$8>0,IF(RANDBETWEEN(1,6)>=$B$8,0, IF($B$9=1,$B$10,IF($B$9=2,RANDBETWEEN(1,3),RANDBETWEEN(1,6)))), IF($B$9=1,$B$10,IF($B$9=2,RANDBETWEEN(1,3),RANDBETWEEN(1,6)))))))) -> 0 | U124: =IF(19>$B$3,0, IF(RANDBETWEEN(1,6)+$B$14<$B$4, IF($B$12=1,IF(RANDBETWEEN(1,6)+$B$14<$B$4,0,1),0), IF($B$11=1,IF(RANDBETWEEN(1,6)=6,1,0),0)+ IF(RANDBETWEEN(1,6)<$B$5, IF($B$13=1,IF(RANDBETWEEN(1,6)<$B$5,0,1),0), IF(RANDBETWEEN(1,6)>=($B$6-$B$7+$B$15),0, IF($B$8>0,IF(RANDBETWEEN(1,6)>=$B$8,0, IF($B$9=1,$B$10,IF($B$9=2,RANDBETWEEN(1,3),RANDBETWEEN(1,6)))), IF($B$9=1,$B$10,IF($B$9=2,RANDBETWEEN(1,3),RANDBETWEEN(1,6)))))))) -> 0 | V124: =IF(20>$B$3,0, IF(RANDBETWEEN(1,6)+$B$14<$B$4, IF($B$12=1,IF(RANDBETWEEN(1,6)+$B$14<$B$4,0,1),0), IF($B$11=1,IF(RANDBETWEEN(1,6)=6,1,0),0)+ IF(RANDBETWEEN(1,6)<$B$5, IF($B$13=1,IF(RANDBETWEEN(1,6)<$B$5,0,1),0), IF(RANDBETWEEN(1,6)>=($B$6-$B$7+$B$15),0, IF($B$8>0,IF(RANDBETWEEN(1,6)>=$B$8,0, IF($B$9=1,$B$10,IF($B$9=2,RANDBETWEEN(1,3),RANDBETWEEN(1,6)))), IF($B$9=1,$B$10,IF($B$9=2,RANDBETWEEN(1,3),RANDBETWEEN(1,6)))))))) -> 0 | W124: =IF(21>$B$3,0, IF(RANDBETWEEN(1,6)+$B$14<$B$4, IF($B$12=1,IF(RANDBETWEEN(1,6)+$B$14<$B$4,0,1),0), IF($B$11=1,IF(RANDBETWEEN(1,6)=6,1,0),0)+ IF(RANDBETWEEN(1,6)<$B$5, IF($B$13=1,IF(RANDBETWEEN(1,6)<$B$5,0,1),0), IF(RANDBETWEEN(1,6)>=($B$6-$B$7+$B$15),0, IF($B$8>0,IF(RANDBETWEEN(1,6)>=$B$8,0, IF($B$9=1,$B$10,IF($B$9=2,RANDBETWEEN(1,3),RANDBETWEEN(1,6)))), IF($B$9=1,$B$10,IF($B$9=2,RANDBETWEEN(1,3),RANDBETWEEN(1,6)))))))) -> 0 | X124: =IF(22>$B$3,0, IF(RANDBETWEEN(1,6)+$B$14<$B$4, IF($B$12=1,IF(RANDBETWEEN(1,6)+$B$14<$B$4,0,1),0), IF($B$11=1,IF(RANDBETWEEN(1,6)=6,1,0),0)+ IF(RANDBETWEEN(1,6)<$B$5, IF($B$13=1,IF(RANDBETWEEN(1,6)<$B$5,0,1),0), IF(RANDBETWEEN(1,6)>=($B$6-$B$7+$B$15),0, IF($B$8>0,IF(RANDBETWEEN(1,6)>=$B$8,0, IF($B$9=1,$B$10,IF($B$9=2,RANDBETWEEN(1,3),RANDBETWEEN(1,6)))), IF($B$9=1,$B$10,IF($B$9=2,RANDBETWEEN(1,3),RANDBETWEEN(1,6)))))))) -> 0 | Y124: =IF(23>$B$3,0, IF(RANDBETWEEN(1,6)+$B$14<$B$4, IF($B$12=1,IF(RANDBETWEEN(1,6)+$B$14<$B$4,0,1),0), IF($B$11=1,IF(RANDBETWEEN(1,6)=6,1,0),0)+ IF(RANDBETWEEN(1,6)<$B$5, IF($B$13=1,IF(RANDBETWEEN(1,6)<$B$5,0,1),0), IF(RANDBETWEEN(1,6)>=($B$6-$B$7+$B$15),0, IF($B$8>0,IF(RANDBETWEEN(1,6)>=$B$8,0, IF($B$9=1,$B$10,IF($B$9=2,RANDBETWEEN(1,3),RANDBETWEEN(1,6)))), IF($B$9=1,$B$10,IF($B$9=2,RANDBETWEEN(1,3),RANDBETWEEN(1,6)))))))) -> 0 | Z124: =IF(24>$B$3,0, IF(RANDBETWEEN(1,6)+$B$14<$B$4, IF($B$12=1,IF(RANDBETWEEN(1,6)+$B$14<$B$4,0,1),0), IF($B$11=1,IF(RANDBETWEEN(1,6)=6,1,0),0)+ IF(RANDBETWEEN(1,6)<$B$5, IF($B$13=1,IF(RANDBETWEEN(1,6)<$B$5,0,1),0), IF(RANDBETWEEN(1,6)>=($B$6-$B$7+$B$15),0, IF($B$8>0,IF(RANDBETWEEN(1,6)>=$B$8,0, IF($B$9=1,$B$10,IF($B$9=2,RANDBETWEEN(1,3),RANDBETWEEN(1,6)))), IF($B$9=1,$B$10,IF($B$9=2,RANDBETWEEN(1,3),RANDBETWEEN(1,6)))))))) -> 0 | AA124: =IF(25>$B$3,0, IF(RANDBETWEEN(1,6)+$B$14<$B$4, IF($B$12=1,IF(RANDBETWEEN(1,6)+$B$14<$B$4,0,1),0), IF($B$11=1,IF(RANDBETWEEN(1,6)=6,1,0),0)+ IF(RANDBETWEEN(1,6)<$B$5, IF($B$13=1,IF(RANDBETWEEN(1,6)<$B$5,0,1),0), IF(RANDBETWEEN(1,6)>=($B$6-$B$7+$B$15),0, IF($B$8>0,IF(RANDBETWEEN(1,6)>=$B$8,0, IF($B$9=1,$B$10,IF($B$9=2,RANDBETWEEN(1,3),RANDBETWEEN(1,6)))), IF($B$9=1,$B$10,IF($B$9=2,RANDBETWEEN(1,3),RANDBETWEEN(1,6)))))))) -> 0 | AB124: =IF(26>$B$3,0, IF(RANDBETWEEN(1,6)+$B$14<$B$4, IF($B$12=1,IF(RANDBETWEEN(1,6)+$B$14<$B$4,0,1),0), IF($B$11=1,IF(RANDBETWEEN(1,6)=6,1,0),0)+ IF(RANDBETWEEN(1,6)<$B$5, IF($B$13=1,IF(RANDBETWEEN(1,6)<$B$5,0,1),0), IF(RANDBETWEEN(1,6)>=($B$6-$B$7+$B$15),0, IF($B$8>0,IF(RANDBETWEEN(1,6)>=$B$8,0, IF($B$9=1,$B$10,IF($B$9=2,RANDBETWEEN(1,3),RANDBETWEEN(1,6)))), IF($B$9=1,$B$10,IF($B$9=2,RANDBETWEEN(1,3),RANDBETWEEN(1,6)))))))) -> 0 | AC124: =IF(27>$B$3,0, IF(RANDBETWEEN(1,6)+$B$14<$B$4, IF($B$12=1,IF(RANDBETWEEN(1,6)+$B$14<$B$4,0,1),0), IF($B$11=1,IF(RANDBETWEEN(1,6)=6,1,0),0)+ IF(RANDBETWEEN(1,6)<$B$5, IF($B$13=1,IF(RANDBETWEEN(1,6)<$B$5,0,1),0), IF(RANDBETWEEN(1,6)>=($B$6-$B$7+$B$15),0, IF($B$8>0,IF(RANDBETWEEN(1,6)>=$B$8,0, IF($B$9=1,$B$10,IF($B$9=2,RANDBETWEEN(1,3),RANDBETWEEN(1,6)))), IF($B$9=1,$B$10,IF($B$9=2,RANDBETWEEN(1,3),RANDBETWEEN(1,6)))))))) -> 0 | AD124: =IF(28>$B$3,0, IF(RANDBETWEEN(1,6)+$B$14<$B$4, IF($B$12=1,IF(RANDBETWEEN(1,6)+$B$14<$B$4,0,1),0), IF($B$11=1,IF(RANDBETWEEN(1,6)=6,1,0),0)+ IF(RANDBETWEEN(1,6)<$B$5, IF($B$13=1,IF(RANDBETWEEN(1,6)<$B$5,0,1),0), IF(RANDBETWEEN(1,6)>=($B$6-$B$7+$B$15),0, IF($B$8>0,IF(RANDBETWEEN(1,6)>=$B$8,0, IF($B$9=1,$B$10,IF($B$9=2,RANDBETWEEN(1,3),RANDBETWEEN(1,6)))), IF($B$9=1,$B$10,IF($B$9=2,RANDBETWEEN(1,3),RANDBETWEEN(1,6)))))))) -> 0 | AE124: =IF(29>$B$3,0, IF(RANDBETWEEN(1,6)+$B$14<$B$4, IF($B$12=1,IF(RANDBETWEEN(1,6)+$B$14<$B$4,0,1),0), IF($B$11=1,IF(RANDBETWEEN(1,6)=6,1,0),0)+ IF(RANDBETWEEN(1,6)<$B$5, IF($B$13=1,IF(RANDBETWEEN(1,6)<$B$5,0,1),0), IF(RANDBETWEEN(1,6)>=($B$6-$B$7+$B$15),0, IF($B$8>0,IF(RANDBETWEEN(1,6)>=$B$8,0, IF($B$9=1,$B$10,IF($B$9=2,RANDBETWEEN(1,3),RANDBETWEEN(1,6)))), IF($B$9=1,$B$10,IF($B$9=2,RANDBETWEEN(1,3),RANDBETWEEN(1,6)))))))) -> 0 | AF124: =IF(30>$B$3,0, IF(RANDBETWEEN(1,6)+$B$14<$B$4, IF($B$12=1,IF(RANDBETWEEN(1,6)+$B$14<$B$4,0,1),0), IF($B$11=1,IF(RANDBETWEEN(1,6)=6,1,0),0)+ IF(RANDBETWEEN(1,6)<$B$5, IF($B$13=1,IF(RANDBETWEEN(1,6)<$B$5,0,1),0), IF(RANDBETWEEN(1,6)>=($B$6-$B$7+$B$15),0, IF($B$8>0,IF(RANDBETWEEN(1,6)>=$B$8,0, IF($B$9=1,$B$10,IF($B$9=2,RANDBETWEEN(1,3),RANDBETWEEN(1,6)))), IF($B$9=1,$B$10,IF($B$9=2,RANDBETWEEN(1,3),RANDBETWEEN(1,6)))))))) -> 0
A125: 6 | B125: =SUM(C125:AF125) -> 15 | C125: =IF(1>$B$3,0, IF(RANDBETWEEN(1,6)+$B$14<$B$4, IF($B$12=1,IF(RANDBETWEEN(1,6)+$B$14<$B$4,0,1),0), IF($B$11=1,IF(RANDBETWEEN(1,6)=6,1,0),0)+ IF(RANDBETWEEN(1,6)<$B$5, IF($B$13=1,IF(RANDBETWEEN(1,6)<$B$5,0,1),0), IF(RANDBETWEEN(1,6)>=($B$6-$B$7+$B$15),0, IF($B$8>0,IF(RANDBETWEEN(1,6)>=$B$8,0, IF($B$9=1,$B$10,IF($B$9=2,RANDBETWEEN(1,3),RANDBETWEEN(1,6)))), IF($B$9=1,$B$10,IF($B$9=2,RANDBETWEEN(1,3),RANDBETWEEN(1,6)))))))) -> 3 | D125: =IF(2>$B$3,0, IF(RANDBETWEEN(1,6)+$B$14<$B$4, IF($B$12=1,IF(RANDBETWEEN(1,6)+$B$14<$B$4,0,1),0), IF($B$11=1,IF(RANDBETWEEN(1,6)=6,1,0),0)+ IF(RANDBETWEEN(1,6)<$B$5, IF($B$13=1,IF(RANDBETWEEN(1,6)<$B$5,0,1),0), IF(RANDBETWEEN(1,6)>=($B$6-$B$7+$B$15),0, IF($B$8>0,IF(RANDBETWEEN(1,6)>=$B$8,0, IF($B$9=1,$B$10,IF($B$9=2,RANDBETWEEN(1,3),RANDBETWEEN(1,6)))), IF($B$9=1,$B$10,IF($B$9=2,RANDBETWEEN(1,3),RANDBETWEEN(1,6)))))))) -> 0 | E125: =IF(3>$B$3,0, IF(RANDBETWEEN(1,6)+$B$14<$B$4, IF($B$12=1,IF(RANDBETWEEN(1,6)+$B$14<$B$4,0,1),0), IF($B$11=1,IF(RANDBETWEEN(1,6)=6,1,0),0)+ IF(RANDBETWEEN(1,6)<$B$5, IF($B$13=1,IF(RANDBETWEEN(1,6)<$B$5,0,1),0), IF(RANDBETWEEN(1,6)>=($B$6-$B$7+$B$15),0, IF($B$8>0,IF(RANDBETWEEN(1,6)>=$B$8,0, IF($B$9=1,$B$10,IF($B$9=2,RANDBETWEEN(1,3),RANDBETWEEN(1,6)))), IF($B$9=1,$B$10,IF($B$9=2,RANDBETWEEN(1,3),RANDBETWEEN(1,6)))))))) -> 0 | F125: =IF(4>$B$3,0, IF(RANDBETWEEN(1,6)+$B$14<$B$4, IF($B$12=1,IF(RANDBETWEEN(1,6)+$B$14<$B$4,0,1),0), IF($B$11=1,IF(RANDBETWEEN(1,6)=6,1,0),0)+ IF(RANDBETWEEN(1,6)<$B$5, IF($B$13=1,IF(RANDBETWEEN(1,6)<$B$5,0,1),0), IF(RANDBETWEEN(1,6)>=($B$6-$B$7+$B$15),0, IF($B$8>0,IF(RANDBETWEEN(1,6)>=$B$8,0, IF($B$9=1,$B$10,IF($B$9=2,RANDBETWEEN(1,3),RANDBETWEEN(1,6)))), IF($B$9=1,$B$10,IF($B$9=2,RANDBETWEEN(1,3),RANDBETWEEN(1,6)))))))) -> 0 | G125: =IF(5>$B$3,0, IF(RANDBETWEEN(1,6)+$B$14<$B$4, IF($B$12=1,IF(RANDBETWEEN(1,6)+$B$14<$B$4,0,1),0), IF($B$11=1,IF(RANDBETWEEN(1,6)=6,1,0),0)+ IF(RANDBETWEEN(1,6)<$B$5, IF($B$13=1,IF(RANDBETWEEN(1,6)<$B$5,0,1),0), IF(RANDBETWEEN(1,6)>=($B$6-$B$7+$B$15),0, IF($B$8>0,IF(RANDBETWEEN(1,6)>=$B$8,0, IF($B$9=1,$B$10,IF($B$9=2,RANDBETWEEN(1,3),RANDBETWEEN(1,6)))), IF($B$9=1,$B$10,IF($B$9=2,RANDBETWEEN(1,3),RANDBETWEEN(1,6)))))))) -> 3 | H125: =IF(6>$B$3,0, IF(RANDBETWEEN(1,6)+$B$14<$B$4, IF($B$12=1,IF(RANDBETWEEN(1,6)+$B$14<$B$4,0,1),0), IF($B$11=1,IF(RANDBETWEEN(1,6)=6,1,0),0)+ IF(RANDBETWEEN(1,6)<$B$5, IF($B$13=1,IF(RANDBETWEEN(1,6)<$B$5,0,1),0), IF(RANDBETWEEN(1,6)>=($B$6-$B$7+$B$15),0, IF($B$8>0,IF(RANDBETWEEN(1,6)>=$B$8,0, IF($B$9=1,$B$10,IF($B$9=2,RANDBETWEEN(1,3),RANDBETWEEN(1,6)))), IF($B$9=1,$B$10,IF($B$9=2,RANDBETWEEN(1,3),RANDBETWEEN(1,6)))))))) -> 3 | I125: =IF(7>$B$3,0, IF(RANDBETWEEN(1,6)+$B$14<$B$4, IF($B$12=1,IF(RANDBETWEEN(1,6)+$B$14<$B$4,0,1),0), IF($B$11=1,IF(RANDBETWEEN(1,6)=6,1,0),0)+ IF(RANDBETWEEN(1,6)<$B$5, IF($B$13=1,IF(RANDBETWEEN(1,6)<$B$5,0,1),0), IF(RANDBETWEEN(1,6)>=($B$6-$B$7+$B$15),0, IF($B$8>0,IF(RANDBETWEEN(1,6)>=$B$8,0, IF($B$9=1,$B$10,IF($B$9=2,RANDBETWEEN(1,3),RANDBETWEEN(1,6)))), IF($B$9=1,$B$10,IF($B$9=2,RANDBETWEEN(1,3),RANDBETWEEN(1,6)))))))) -> 0 | J125: =IF(8>$B$3,0, IF(RANDBETWEEN(1,6)+$B$14<$B$4, IF($B$12=1,IF(RANDBETWEEN(1,6)+$B$14<$B$4,0,1),0), IF($B$11=1,IF(RANDBETWEEN(1,6)=6,1,0),0)+ IF(RANDBETWEEN(1,6)<$B$5, IF($B$13=1,IF(RANDBETWEEN(1,6)<$B$5,0,1),0), IF(RANDBETWEEN(1,6)>=($B$6-$B$7+$B$15),0, IF($B$8>0,IF(RANDBETWEEN(1,6)>=$B$8,0, IF($B$9=1,$B$10,IF($B$9=2,RANDBETWEEN(1,3),RANDBETWEEN(1,6)))), IF($B$9=1,$B$10,IF($B$9=2,RANDBETWEEN(1,3),RANDBETWEEN(1,6)))))))) -> 0 | K125: =IF(9>$B$3,0, IF(RANDBETWEEN(1,6)+$B$14<$B$4, IF($B$12=1,IF(RANDBETWEEN(1,6)+$B$14<$B$4,0,1),0), IF($B$11=1,IF(RANDBETWEEN(1,6)=6,1,0),0)+ IF(RANDBETWEEN(1,6)<$B$5, IF($B$13=1,IF(RANDBETWEEN(1,6)<$B$5,0,1),0), IF(RANDBETWEEN(1,6)>=($B$6-$B$7+$B$15),0, IF($B$8>0,IF(RANDBETWEEN(1,6)>=$B$8,0, IF($B$9=1,$B$10,IF($B$9=2,RANDBETWEEN(1,3),RANDBETWEEN(1,6)))), IF($B$9=1,$B$10,IF($B$9=2,RANDBETWEEN(1,3),RANDBETWEEN(1,6)))))))) -> 0 | L125: =IF(10>$B$3,0, IF(RANDBETWEEN(1,6)+$B$14<$B$4, IF($B$12=1,IF(RANDBETWEEN(1,6)+$B$14<$B$4,0,1),0), IF($B$11=1,IF(RANDBETWEEN(1,6)=6,1,0),0)+ IF(RANDBETWEEN(1,6)<$B$5, IF($B$13=1,IF(RANDBETWEEN(1,6)<$B$5,0,1),0), IF(RANDBETWEEN(1,6)>=($B$6-$B$7+$B$15),0, IF($B$8>0,IF(RANDBETWEEN(1,6)>=$B$8,0, IF($B$9=1,$B$10,IF($B$9=2,RANDBETWEEN(1,3),RANDBETWEEN(1,6)))), IF($B$9=1,$B$10,IF($B$9=2,RANDBETWEEN(1,3),RANDBETWEEN(1,6)))))))) -> 3 | M125: =IF(11>$B$3,0, IF(RANDBETWEEN(1,6)+$B$14<$B$4, IF($B$12=1,IF(RANDBETWEEN(1,6)+$B$14<$B$4,0,1),0), IF($B$11=1,IF(RANDBETWEEN(1,6)=6,1,0),0)+ IF(RANDBETWEEN(1,6)<$B$5, IF($B$13=1,IF(RANDBETWEEN(1,6)<$B$5,0,1),0), IF(RANDBETWEEN(1,6)>=($B$6-$B$7+$B$15),0, IF($B$8>0,IF(RANDBETWEEN(1,6)>=$B$8,0, IF($B$9=1,$B$10,IF($B$9=2,RANDBETWEEN(1,3),RANDBETWEEN(1,6)))), IF($B$9=1,$B$10,IF($B$9=2,RANDBETWEEN(1,3),RANDBETWEEN(1,6)))))))) -> 3 | N125: =IF(12>$B$3,0, IF(RANDBETWEEN(1,6)+$B$14<$B$4, IF($B$12=1,IF(RANDBETWEEN(1,6)+$B$14<$B$4,0,1),0), IF($B$11=1,IF(RANDBETWEEN(1,6)=6,1,0),0)+ IF(RANDBETWEEN(1,6)<$B$5, IF($B$13=1,IF(RANDBETWEEN(1,6)<$B$5,0,1),0), IF(RANDBETWEEN(1,6)>=($B$6-$B$7+$B$15),0, IF($B$8>0,IF(RANDBETWEEN(1,6)>=$B$8,0, IF($B$9=1,$B$10,IF($B$9=2,RANDBETWEEN(1,3),RANDBETWEEN(1,6)))), IF($B$9=1,$B$10,IF($B$9=2,RANDBETWEEN(1,3),RANDBETWEEN(1,6)))))))) -> 0 | O125: =IF(13>$B$3,0, IF(RANDBETWEEN(1,6)+$B$14<$B$4, IF($B$12=1,IF(RANDBETWEEN(1,6)+$B$14<$B$4,0,1),0), IF($B$11=1,IF(RANDBETWEEN(1,6)=6,1,0),0)+ IF(RANDBETWEEN(1,6)<$B$5, IF($B$13=1,IF(RANDBETWEEN(1,6)<$B$5,0,1),0), IF(RANDBETWEEN(1,6)>=($B$6-$B$7+$B$15),0, IF($B$8>0,IF(RANDBETWEEN(1,6)>=$B$8,0, IF($B$9=1,$B$10,IF($B$9=2,RANDBETWEEN(1,3),RANDBETWEEN(1,6)))), IF($B$9=1,$B$10,IF($B$9=2,RANDBETWEEN(1,3),RANDBETWEEN(1,6)))))))) -> 0 | P125: =IF(14>$B$3,0, IF(RANDBETWEEN(1,6)+$B$14<$B$4, IF($B$12=1,IF(RANDBETWEEN(1,6)+$B$14<$B$4,0,1),0), IF($B$11=1,IF(RANDBETWEEN(1,6)=6,1,0),0)+ IF(RANDBETWEEN(1,6)<$B$5, IF($B$13=1,IF(RANDBETWEEN(1,6)<$B$5,0,1),0), IF(RANDBETWEEN(1,6)>=($B$6-$B$7+$B$15),0, IF($B$8>0,IF(RANDBETWEEN(1,6)>=$B$8,0, IF($B$9=1,$B$10,IF($B$9=2,RANDBETWEEN(1,3),RANDBETWEEN(1,6)))), IF($B$9=1,$B$10,IF($B$9=2,RANDBETWEEN(1,3),RANDBETWEEN(1,6)))))))) -> 0 | Q125: =IF(15>$B$3,0, IF(RANDBETWEEN(1,6)+$B$14<$B$4, IF($B$12=1,IF(RANDBETWEEN(1,6)+$B$14<$B$4,0,1),0), IF($B$11=1,IF(RANDBETWEEN(1,6)=6,1,0),0)+ IF(RANDBETWEEN(1,6)<$B$5, IF($B$13=1,IF(RANDBETWEEN(1,6)<$B$5,0,1),0), IF(RANDBETWEEN(1,6)>=($B$6-$B$7+$B$15),0, IF($B$8>0,IF(RANDBETWEEN(1,6)>=$B$8,0, IF($B$9=1,$B$10,IF($B$9=2,RANDBETWEEN(1,3),RANDBETWEEN(1,6)))), IF($B$9=1,$B$10,IF($B$9=2,RANDBETWEEN(1,3),RANDBETWEEN(1,6)))))))) -> 0 | R125: =IF(16>$B$3,0, IF(RANDBETWEEN(1,6)+$B$14<$B$4, IF($B$12=1,IF(RANDBETWEEN(1,6)+$B$14<$B$4,0,1),0), IF($B$11=1,IF(RANDBETWEEN(1,6)=6,1,0),0)+ IF(RANDBETWEEN(1,6)<$B$5, IF($B$13=1,IF(RANDBETWEEN(1,6)<$B$5,0,1),0), IF(RANDBETWEEN(1,6)>=($B$6-$B$7+$B$15),0, IF($B$8>0,IF(RANDBETWEEN(1,6)>=$B$8,0, IF($B$9=1,$B$10,IF($B$9=2,RANDBETWEEN(1,3),RANDBETWEEN(1,6)))), IF($B$9=1,$B$10,IF($B$9=2,RANDBETWEEN(1,3),RANDBETWEEN(1,6)))))))) -> 0 | S125: =IF(17>$B$3,0, IF(RANDBETWEEN(1,6)+$B$14<$B$4, IF($B$12=1,IF(RANDBETWEEN(1,6)+$B$14<$B$4,0,1),0), IF($B$11=1,IF(RANDBETWEEN(1,6)=6,1,0),0)+ IF(RANDBETWEEN(1,6)<$B$5, IF($B$13=1,IF(RANDBETWEEN(1,6)<$B$5,0,1),0), IF(RANDBETWEEN(1,6)>=($B$6-$B$7+$B$15),0, IF($B$8>0,IF(RANDBETWEEN(1,6)>=$B$8,0, IF($B$9=1,$B$10,IF($B$9=2,RANDBETWEEN(1,3),RANDBETWEEN(1,6)))), IF($B$9=1,$B$10,IF($B$9=2,RANDBETWEEN(1,3),RANDBETWEEN(1,6)))))))) -> 0 | T125: =IF(18>$B$3,0, IF(RANDBETWEEN(1,6)+$B$14<$B$4, IF($B$12=1,IF(RANDBETWEEN(1,6)+$B$14<$B$4,0,1),0), IF($B$11=1,IF(RANDBETWEEN(1,6)=6,1,0),0)+ IF(RANDBETWEEN(1,6)<$B$5, IF($B$13=1,IF(RANDBETWEEN(1,6)<$B$5,0,1),0), IF(RANDBETWEEN(1,6)>=($B$6-$B$7+$B$15),0, IF($B$8>0,IF(RANDBETWEEN(1,6)>=$B$8,0, IF($B$9=1,$B$10,IF($B$9=2,RANDBETWEEN(1,3),RANDBETWEEN(1,6)))), IF($B$9=1,$B$10,IF($B$9=2,RANDBETWEEN(1,3),RANDBETWEEN(1,6)))))))) -> 0 | U125: =IF(19>$B$3,0, IF(RANDBETWEEN(1,6)+$B$14<$B$4, IF($B$12=1,IF(RANDBETWEEN(1,6)+$B$14<$B$4,0,1),0), IF($B$11=1,IF(RANDBETWEEN(1,6)=6,1,0),0)+ IF(RANDBETWEEN(1,6)<$B$5, IF($B$13=1,IF(RANDBETWEEN(1,6)<$B$5,0,1),0), IF(RANDBETWEEN(1,6)>=($B$6-$B$7+$B$15),0, IF($B$8>0,IF(RANDBETWEEN(1,6)>=$B$8,0, IF($B$9=1,$B$10,IF($B$9=2,RANDBETWEEN(1,3),RANDBETWEEN(1,6)))), IF($B$9=1,$B$10,IF($B$9=2,RANDBETWEEN(1,3),RANDBETWEEN(1,6)))))))) -> 0 | V125: =IF(20>$B$3,0, IF(RANDBETWEEN(1,6)+$B$14<$B$4, IF($B$12=1,IF(RANDBETWEEN(1,6)+$B$14<$B$4,0,1),0), IF($B$11=1,IF(RANDBETWEEN(1,6)=6,1,0),0)+ IF(RANDBETWEEN(1,6)<$B$5, IF($B$13=1,IF(RANDBETWEEN(1,6)<$B$5,0,1),0), IF(RANDBETWEEN(1,6)>=($B$6-$B$7+$B$15),0, IF($B$8>0,IF(RANDBETWEEN(1,6)>=$B$8,0, IF($B$9=1,$B$10,IF($B$9=2,RANDBETWEEN(1,3),RANDBETWEEN(1,6)))), IF($B$9=1,$B$10,IF($B$9=2,RANDBETWEEN(1,3),RANDBETWEEN(1,6)))))))) -> 0 | W125: =IF(21>$B$3,0, IF(RANDBETWEEN(1,6)+$B$14<$B$4, IF($B$12=1,IF(RANDBETWEEN(1,6)+$B$14<$B$4,0,1),0), IF($B$11=1,IF(RANDBETWEEN(1,6)=6,1,0),0)+ IF(RANDBETWEEN(1,6)<$B$5, IF($B$13=1,IF(RANDBETWEEN(1,6)<$B$5,0,1),0), IF(RANDBETWEEN(1,6)>=($B$6-$B$7+$B$15),0, IF($B$8>0,IF(RANDBETWEEN(1,6)>=$B$8,0, IF($B$9=1,$B$10,IF($B$9=2,RANDBETWEEN(1,3),RANDBETWEEN(1,6)))), IF($B$9=1,$B$10,IF($B$9=2,RANDBETWEEN(1,3),RANDBETWEEN(1,6)))))))) -> 0 | X125: =IF(22>$B$3,0, IF(RANDBETWEEN(1,6)+$B$14<$B$4, IF($B$12=1,IF(RANDBETWEEN(1,6)+$B$14<$B$4,0,1),0), IF($B$11=1,IF(RANDBETWEEN(1,6)=6,1,0),0)+ IF(RANDBETWEEN(1,6)<$B$5, IF($B$13=1,IF(RANDBETWEEN(1,6)<$B$5,0,1),0), IF(RANDBETWEEN(1,6)>=($B$6-$B$7+$B$15),0, IF($B$8>0,IF(RANDBETWEEN(1,6)>=$B$8,0, IF($B$9=1,$B$10,IF($B$9=2,RANDBETWEEN(1,3),RANDBETWEEN(1,6)))), IF($B$9=1,$B$10,IF($B$9=2,RANDBETWEEN(1,3),RANDBETWEEN(1,6)))))))) -> 0 | Y125: =IF(23>$B$3,0, IF(RANDBETWEEN(1,6)+$B$14<$B$4, IF($B$12=1,IF(RANDBETWEEN(1,6)+$B$14<$B$4,0,1),0), IF($B$11=1,IF(RANDBETWEEN(1,6)=6,1,0),0)+ IF(RANDBETWEEN(1,6)<$B$5, IF($B$13=1,IF(RANDBETWEEN(1,6)<$B$5,0,1),0), IF(RANDBETWEEN(1,6)>=($B$6-$B$7+$B$15),0, IF($B$8>0,IF(RANDBETWEEN(1,6)>=$B$8,0, IF($B$9=1,$B$10,IF($B$9=2,RANDBETWEEN(1,3),RANDBETWEEN(1,6)))), IF($B$9=1,$B$10,IF($B$9=2,RANDBETWEEN(1,3),RANDBETWEEN(1,6)))))))) -> 0 | Z125: =IF(24>$B$3,0, IF(RANDBETWEEN(1,6)+$B$14<$B$4, IF($B$12=1,IF(RANDBETWEEN(1,6)+$B$14<$B$4,0,1),0), IF($B$11=1,IF(RANDBETWEEN(1,6)=6,1,0),0)+ IF(RANDBETWEEN(1,6)<$B$5, IF($B$13=1,IF(RANDBETWEEN(1,6)<$B$5,0,1),0), IF(RANDBETWEEN(1,6)>=($B$6-$B$7+$B$15),0, IF($B$8>0,IF(RANDBETWEEN(1,6)>=$B$8,0, IF($B$9=1,$B$10,IF($B$9=2,RANDBETWEEN(1,3),RANDBETWEEN(1,6)))), IF($B$9=1,$B$10,IF($B$9=2,RANDBETWEEN(1,3),RANDBETWEEN(1,6)))))))) -> 0 | AA125: =IF(25>$B$3,0, IF(RANDBETWEEN(1,6)+$B$14<$B$4, IF($B$12=1,IF(RANDBETWEEN(1,6)+$B$14<$B$4,0,1),0), IF($B$11=1,IF(RANDBETWEEN(1,6)=6,1,0),0)+ IF(RANDBETWEEN(1,6)<$B$5, IF($B$13=1,IF(RANDBETWEEN(1,6)<$B$5,0,1),0), IF(RANDBETWEEN(1,6)>=($B$6-$B$7+$B$15),0, IF($B$8>0,IF(RANDBETWEEN(1,6)>=$B$8,0, IF($B$9=1,$B$10,IF($B$9=2,RANDBETWEEN(1,3),RANDBETWEEN(1,6)))), IF($B$9=1,$B$10,IF($B$9=2,RANDBETWEEN(1,3),RANDBETWEEN(1,6)))))))) -> 0 | AB125: =IF(26>$B$3,0, IF(RANDBETWEEN(1,6)+$B$14<$B$4, IF($B$12=1,IF(RANDBETWEEN(1,6)+$B$14<$B$4,0,1),0), IF($B$11=1,IF(RANDBETWEEN(1,6)=6,1,0),0)+ IF(RANDBETWEEN(1,6)<$B$5, IF($B$13=1,IF(RANDBETWEEN(1,6)<$B$5,0,1),0), IF(RANDBETWEEN(1,6)>=($B$6-$B$7+$B$15),0, IF($B$8>0,IF(RANDBETWEEN(1,6)>=$B$8,0, IF($B$9=1,$B$10,IF($B$9=2,RANDBETWEEN(1,3),RANDBETWEEN(1,6)))), IF($B$9=1,$B$10,IF($B$9=2,RANDBETWEEN(1,3),RANDBETWEEN(1,6)))))))) -> 0 | AC125: =IF(27>$B$3,0, IF(RANDBETWEEN(1,6)+$B$14<$B$4, IF($B$12=1,IF(RANDBETWEEN(1,6)+$B$14<$B$4,0,1),0), IF($B$11=1,IF(RANDBETWEEN(1,6)=6,1,0),0)+ IF(RANDBETWEEN(1,6)<$B$5, IF($B$13=1,IF(RANDBETWEEN(1,6)<$B$5,0,1),0), IF(RANDBETWEEN(1,6)>=($B$6-$B$7+$B$15),0, IF($B$8>0,IF(RANDBETWEEN(1,6)>=$B$8,0, IF($B$9=1,$B$10,IF($B$9=2,RANDBETWEEN(1,3),RANDBETWEEN(1,6)))), IF($B$9=1,$B$10,IF($B$9=2,RANDBETWEEN(1,3),RANDBETWEEN(1,6)))))))) -> 0 | AD125: =IF(28>$B$3,0, IF(RANDBETWEEN(1,6)+$B$14<$B$4, IF($B$12=1,IF(RANDBETWEEN(1,6)+$B$14<$B$4,0,1),0), IF($B$11=1,IF(RANDBETWEEN(1,6)=6,1,0),0)+ IF(RANDBETWEEN(1,6)<$B$5, IF($B$13=1,IF(RANDBETWEEN(1,6)<$B$5,0,1),0), IF(RANDBETWEEN(1,6)>=($B$6-$B$7+$B$15),0, IF($B$8>0,IF(RANDBETWEEN(1,6)>=$B$8,0, IF($B$9=1,$B$10,IF($B$9=2,RANDBETWEEN(1,3),RANDBETWEEN(1,6)))), IF($B$9=1,$B$10,IF($B$9=2,RANDBETWEEN(1,3),RANDBETWEEN(1,6)))))))) -> 0 | AE125: =IF(29>$B$3,0, IF(RANDBETWEEN(1,6)+$B$14<$B$4, IF($B$12=1,IF(RANDBETWEEN(1,6)+$B$14<$B$4,0,1),0), IF($B$11=1,IF(RANDBETWEEN(1,6)=6,1,0),0)+ IF(RANDBETWEEN(1,6)<$B$5, IF($B$13=1,IF(RANDBETWEEN(1,6)<$B$5,0,1),0), IF(RANDBETWEEN(1,6)>=($B$6-$B$7+$B$15),0, IF($B$8>0,IF(RANDBETWEEN(1,6)>=$B$8,0, IF($B$9=1,$B$10,IF($B$9=2,RANDBETWEEN(1,3),RANDBETWEEN(1,6)))), IF($B$9=1,$B$10,IF($B$9=2,RANDBETWEEN(1,3),RANDBETWEEN(1,6)))))))) -> 0 | AF125: =IF(30>$B$3,0, IF(RANDBETWEEN(1,6)+$B$14<$B$4, IF($B$12=1,IF(RANDBETWEEN(1,6)+$B$14<$B$4,0,1),0), IF($B$11=1,IF(RANDBETWEEN(1,6)=6,1,0),0)+ IF(RANDBETWEEN(1,6)<$B$5, IF($B$13=1,IF(RANDBETWEEN(1,6)<$B$5,0,1),0), IF(RANDBETWEEN(1,6)>=($B$6-$B$7+$B$15),0, IF($B$8>0,IF(RANDBETWEEN(1,6)>=$B$8,0, IF($B$9=1,$B$10,IF($B$9=2,RANDBETWEEN(1,3),RANDBETWEEN(1,6)))), IF($B$9=1,$B$10,IF($B$9=2,RANDBETWEEN(1,3),RANDBETWEEN(1,6)))))))) -> 0
A126: 7 | B126: =SUM(C126:AF126) -> 15 | C126: =IF(1>$B$3,0, IF(RANDBETWEEN(1,6)+$B$14<$B$4, IF($B$12=1,IF(RANDBETWEEN(1,6)+$B$14<$B$4,0,1),0), IF($B$11=1,IF(RANDBETWEEN(1,6)=6,1,0),0)+ IF(RANDBETWEEN(1,6)<$B$5, IF($B$13=1,IF(RANDBETWEEN(1,6)<$B$5,0,1),0), IF(RANDBETWEEN(1,6)>=($B$6-$B$7+$B$15),0, IF($B$8>0,IF(RANDBETWEEN(1,6)>=$B$8,0, IF($B$9=1,$B$10,IF($B$9=2,RANDBETWEEN(1,3),RANDBETWEEN(1,6)))), IF($B$9=1,$B$10,IF($B$9=2,RANDBETWEEN(1,3),RANDBETWEEN(1,6)))))))) -> 3 | D126: =IF(2>$B$3,0, IF(RANDBETWEEN(1,6)+$B$14<$B$4, IF($B$12=1,IF(RANDBETWEEN(1,6)+$B$14<$B$4,0,1),0), IF($B$11=1,IF(RANDBETWEEN(1,6)=6,1,0),0)+ IF(RANDBETWEEN(1,6)<$B$5, IF($B$13=1,IF(RANDBETWEEN(1,6)<$B$5,0,1),0), IF(RANDBETWEEN(1,6)>=($B$6-$B$7+$B$15),0, IF($B$8>0,IF(RANDBETWEEN(1,6)>=$B$8,0, IF($B$9=1,$B$10,IF($B$9=2,RANDBETWEEN(1,3),RANDBETWEEN(1,6)))), IF($B$9=1,$B$10,IF($B$9=2,RANDBETWEEN(1,3),RANDBETWEEN(1,6)))))))) -> 0 | E126: =IF(3>$B$3,0, IF(RANDBETWEEN(1,6)+$B$14<$B$4, IF($B$12=1,IF(RANDBETWEEN(1,6)+$B$14<$B$4,0,1),0), IF($B$11=1,IF(RANDBETWEEN(1,6)=6,1,0),0)+ IF(RANDBETWEEN(1,6)<$B$5, IF($B$13=1,IF(RANDBETWEEN(1,6)<$B$5,0,1),0), IF(RANDBETWEEN(1,6)>=($B$6-$B$7+$B$15),0, IF($B$8>0,IF(RANDBETWEEN(1,6)>=$B$8,0, IF($B$9=1,$B$10,IF($B$9=2,RANDBETWEEN(1,3),RANDBETWEEN(1,6)))), IF($B$9=1,$B$10,IF($B$9=2,RANDBETWEEN(1,3),RANDBETWEEN(1,6)))))))) -> 3 | F126: =IF(4>$B$3,0, IF(RANDBETWEEN(1,6)+$B$14<$B$4, IF($B$12=1,IF(RANDBETWEEN(1,6)+$B$14<$B$4,0,1),0), IF($B$11=1,IF(RANDBETWEEN(1,6)=6,1,0),0)+ IF(RANDBETWEEN(1,6)<$B$5, IF($B$13=1,IF(RANDBETWEEN(1,6)<$B$5,0,1),0), IF(RANDBETWEEN(1,6)>=($B$6-$B$7+$B$15),0, IF($B$8>0,IF(RANDBETWEEN(1,6)>=$B$8,0, IF($B$9=1,$B$10,IF($B$9=2,RANDBETWEEN(1,3),RANDBETWEEN(1,6)))), IF($B$9=1,$B$10,IF($B$9=2,RANDBETWEEN(1,3),RANDBETWEEN(1,6)))))))) -> 0 | G126: =IF(5>$B$3,0, IF(RANDBETWEEN(1,6)+$B$14<$B$4, IF($B$12=1,IF(RANDBETWEEN(1,6)+$B$14<$B$4,0,1),0), IF($B$11=1,IF(RANDBETWEEN(1,6)=6,1,0),0)+ IF(RANDBETWEEN(1,6)<$B$5, IF($B$13=1,IF(RANDBETWEEN(1,6)<$B$5,0,1),0), IF(RANDBETWEEN(1,6)>=($B$6-$B$7+$B$15),0, IF($B$8>0,IF(RANDBETWEEN(1,6)>=$B$8,0, IF($B$9=1,$B$10,IF($B$9=2,RANDBETWEEN(1,3),RANDBETWEEN(1,6)))), IF($B$9=1,$B$10,IF($B$9=2,RANDBETWEEN(1,3),RANDBETWEEN(1,6)))))))) -> 0 | H126: =IF(6>$B$3,0, IF(RANDBETWEEN(1,6)+$B$14<$B$4, IF($B$12=1,IF(RANDBETWEEN(1,6)+$B$14<$B$4,0,1),0), IF($B$11=1,IF(RANDBETWEEN(1,6)=6,1,0),0)+ IF(RANDBETWEEN(1,6)<$B$5, IF($B$13=1,IF(RANDBETWEEN(1,6)<$B$5,0,1),0), IF(RANDBETWEEN(1,6)>=($B$6-$B$7+$B$15),0, IF($B$8>0,IF(RANDBETWEEN(1,6)>=$B$8,0, IF($B$9=1,$B$10,IF($B$9=2,RANDBETWEEN(1,3),RANDBETWEEN(1,6)))), IF($B$9=1,$B$10,IF($B$9=2,RANDBETWEEN(1,3),RANDBETWEEN(1,6)))))))) -> 3 | I126: =IF(7>$B$3,0, IF(RANDBETWEEN(1,6)+$B$14<$B$4, IF($B$12=1,IF(RANDBETWEEN(1,6)+$B$14<$B$4,0,1),0), IF($B$11=1,IF(RANDBETWEEN(1,6)=6,1,0),0)+ IF(RANDBETWEEN(1,6)<$B$5, IF($B$13=1,IF(RANDBETWEEN(1,6)<$B$5,0,1),0), IF(RANDBETWEEN(1,6)>=($B$6-$B$7+$B$15),0, IF($B$8>0,IF(RANDBETWEEN(1,6)>=$B$8,0, IF($B$9=1,$B$10,IF($B$9=2,RANDBETWEEN(1,3),RANDBETWEEN(1,6)))), IF($B$9=1,$B$10,IF($B$9=2,RANDBETWEEN(1,3),RANDBETWEEN(1,6)))))))) -> 0 | J126: =IF(8>$B$3,0, IF(RANDBETWEEN(1,6)+$B$14<$B$4, IF($B$12=1,IF(RANDBETWEEN(1,6)+$B$14<$B$4,0,1),0), IF($B$11=1,IF(RANDBETWEEN(1,6)=6,1,0),0)+ IF(RANDBETWEEN(1,6)<$B$5, IF($B$13=1,IF(RANDBETWEEN(1,6)<$B$5,0,1),0), IF(RANDBETWEEN(1,6)>=($B$6-$B$7+$B$15),0, IF($B$8>0,IF(RANDBETWEEN(1,6)>=$B$8,0, IF($B$9=1,$B$10,IF($B$9=2,RANDBETWEEN(1,3),RANDBETWEEN(1,6)))), IF($B$9=1,$B$10,IF($B$9=2,RANDBETWEEN(1,3),RANDBETWEEN(1,6)))))))) -> 0 | K126: =IF(9>$B$3,0, IF(RANDBETWEEN(1,6)+$B$14<$B$4, IF($B$12=1,IF(RANDBETWEEN(1,6)+$B$14<$B$4,0,1),0), IF($B$11=1,IF(RANDBETWEEN(1,6)=6,1,0),0)+ IF(RANDBETWEEN(1,6)<$B$5, IF($B$13=1,IF(RANDBETWEEN(1,6)<$B$5,0,1),0), IF(RANDBETWEEN(1,6)>=($B$6-$B$7+$B$15),0, IF($B$8>0,IF(RANDBETWEEN(1,6)>=$B$8,0, IF($B$9=1,$B$10,IF($B$9=2,RANDBETWEEN(1,3),RANDBETWEEN(1,6)))), IF($B$9=1,$B$10,IF($B$9=2,RANDBETWEEN(1,3),RANDBETWEEN(1,6)))))))) -> 3 | L126: =IF(10>$B$3,0, IF(RANDBETWEEN(1,6)+$B$14<$B$4, IF($B$12=1,IF(RANDBETWEEN(1,6)+$B$14<$B$4,0,1),0), IF($B$11=1,IF(RANDBETWEEN(1,6)=6,1,0),0)+ IF(RANDBETWEEN(1,6)<$B$5, IF($B$13=1,IF(RANDBETWEEN(1,6)<$B$5,0,1),0), IF(RANDBETWEEN(1,6)>=($B$6-$B$7+$B$15),0, IF($B$8>0,IF(RANDBETWEEN(1,6)>=$B$8,0, IF($B$9=1,$B$10,IF($B$9=2,RANDBETWEEN(1,3),RANDBETWEEN(1,6)))), IF($B$9=1,$B$10,IF($B$9=2,RANDBETWEEN(1,3),RANDBETWEEN(1,6)))))))) -> 0 | M126: =IF(11>$B$3,0, IF(RANDBETWEEN(1,6)+$B$14<$B$4, IF($B$12=1,IF(RANDBETWEEN(1,6)+$B$14<$B$4,0,1),0), IF($B$11=1,IF(RANDBETWEEN(1,6)=6,1,0),0)+ IF(RANDBETWEEN(1,6)<$B$5, IF($B$13=1,IF(RANDBETWEEN(1,6)<$B$5,0,1),0), IF(RANDBETWEEN(1,6)>=($B$6-$B$7+$B$15),0, IF($B$8>0,IF(RANDBETWEEN(1,6)>=$B$8,0, IF($B$9=1,$B$10,IF($B$9=2,RANDBETWEEN(1,3),RANDBETWEEN(1,6)))), IF($B$9=1,$B$10,IF($B$9=2,RANDBETWEEN(1,3),RANDBETWEEN(1,6)))))))) -> 0 | N126: =IF(12>$B$3,0, IF(RANDBETWEEN(1,6)+$B$14<$B$4, IF($B$12=1,IF(RANDBETWEEN(1,6)+$B$14<$B$4,0,1),0), IF($B$11=1,IF(RANDBETWEEN(1,6)=6,1,0),0)+ IF(RANDBETWEEN(1,6)<$B$5, IF($B$13=1,IF(RANDBETWEEN(1,6)<$B$5,0,1),0), IF(RANDBETWEEN(1,6)>=($B$6-$B$7+$B$15),0, IF($B$8>0,IF(RANDBETWEEN(1,6)>=$B$8,0, IF($B$9=1,$B$10,IF($B$9=2,RANDBETWEEN(1,3),RANDBETWEEN(1,6)))), IF($B$9=1,$B$10,IF($B$9=2,RANDBETWEEN(1,3),RANDBETWEEN(1,6)))))))) -> 3 | O126: =IF(13>$B$3,0, IF(RANDBETWEEN(1,6)+$B$14<$B$4, IF($B$12=1,IF(RANDBETWEEN(1,6)+$B$14<$B$4,0,1),0), IF($B$11=1,IF(RANDBETWEEN(1,6)=6,1,0),0)+ IF(RANDBETWEEN(1,6)<$B$5, IF($B$13=1,IF(RANDBETWEEN(1,6)<$B$5,0,1),0), IF(RANDBETWEEN(1,6)>=($B$6-$B$7+$B$15),0, IF($B$8>0,IF(RANDBETWEEN(1,6)>=$B$8,0, IF($B$9=1,$B$10,IF($B$9=2,RANDBETWEEN(1,3),RANDBETWEEN(1,6)))), IF($B$9=1,$B$10,IF($B$9=2,RANDBETWEEN(1,3),RANDBETWEEN(1,6)))))))) -> 0 | P126: =IF(14>$B$3,0, IF(RANDBETWEEN(1,6)+$B$14<$B$4, IF($B$12=1,IF(RANDBETWEEN(1,6)+$B$14<$B$4,0,1),0), IF($B$11=1,IF(RANDBETWEEN(1,6)=6,1,0),0)+ IF(RANDBETWEEN(1,6)<$B$5, IF($B$13=1,IF(RANDBETWEEN(1,6)<$B$5,0,1),0), IF(RANDBETWEEN(1,6)>=($B$6-$B$7+$B$15),0, IF($B$8>0,IF(RANDBETWEEN(1,6)>=$B$8,0, IF($B$9=1,$B$10,IF($B$9=2,RANDBETWEEN(1,3),RANDBETWEEN(1,6)))), IF($B$9=1,$B$10,IF($B$9=2,RANDBETWEEN(1,3),RANDBETWEEN(1,6)))))))) -> 0 | Q126: =IF(15>$B$3,0, IF(RANDBETWEEN(1,6)+$B$14<$B$4, IF($B$12=1,IF(RANDBETWEEN(1,6)+$B$14<$B$4,0,1),0), IF($B$11=1,IF(RANDBETWEEN(1,6)=6,1,0),0)+ IF(RANDBETWEEN(1,6)<$B$5, IF($B$13=1,IF(RANDBETWEEN(1,6)<$B$5,0,1),0), IF(RANDBETWEEN(1,6)>=($B$6-$B$7+$B$15),0, IF($B$8>0,IF(RANDBETWEEN(1,6)>=$B$8,0, IF($B$9=1,$B$10,IF($B$9=2,RANDBETWEEN(1,3),RANDBETWEEN(1,6)))), IF($B$9=1,$B$10,IF($B$9=2,RANDBETWEEN(1,3),RANDBETWEEN(1,6)))))))) -> 0 | R126: =IF(16>$B$3,0, IF(RANDBETWEEN(1,6)+$B$14<$B$4, IF($B$12=1,IF(RANDBETWEEN(1,6)+$B$14<$B$4,0,1),0), IF($B$11=1,IF(RANDBETWEEN(1,6)=6,1,0),0)+ IF(RANDBETWEEN(1,6)<$B$5, IF($B$13=1,IF(RANDBETWEEN(1,6)<$B$5,0,1),0), IF(RANDBETWEEN(1,6)>=($B$6-$B$7+$B$15),0, IF($B$8>0,IF(RANDBETWEEN(1,6)>=$B$8,0, IF($B$9=1,$B$10,IF($B$9=2,RANDBETWEEN(1,3),RANDBETWEEN(1,6)))), IF($B$9=1,$B$10,IF($B$9=2,RANDBETWEEN(1,3),RANDBETWEEN(1,6)))))))) -> 0 | S126: =IF(17>$B$3,0, IF(RANDBETWEEN(1,6)+$B$14<$B$4, IF($B$12=1,IF(RANDBETWEEN(1,6)+$B$14<$B$4,0,1),0), IF($B$11=1,IF(RANDBETWEEN(1,6)=6,1,0),0)+ IF(RANDBETWEEN(1,6)<$B$5, IF($B$13=1,IF(RANDBETWEEN(1,6)<$B$5,0,1),0), IF(RANDBETWEEN(1,6)>=($B$6-$B$7+$B$15),0, IF($B$8>0,IF(RANDBETWEEN(1,6)>=$B$8,0, IF($B$9=1,$B$10,IF($B$9=2,RANDBETWEEN(1,3),RANDBETWEEN(1,6)))), IF($B$9=1,$B$10,IF($B$9=2,RANDBETWEEN(1,3),RANDBETWEEN(1,6)))))))) -> 0 | T126: =IF(18>$B$3,0, IF(RANDBETWEEN(1,6)+$B$14<$B$4, IF($B$12=1,IF(RANDBETWEEN(1,6)+$B$14<$B$4,0,1),0), IF($B$11=1,IF(RANDBETWEEN(1,6)=6,1,0),0)+ IF(RANDBETWEEN(1,6)<$B$5, IF($B$13=1,IF(RANDBETWEEN(1,6)<$B$5,0,1),0), IF(RANDBETWEEN(1,6)>=($B$6-$B$7+$B$15),0, IF($B$8>0,IF(RANDBETWEEN(1,6)>=$B$8,0, IF($B$9=1,$B$10,IF($B$9=2,RANDBETWEEN(1,3),RANDBETWEEN(1,6)))), IF($B$9=1,$B$10,IF($B$9=2,RANDBETWEEN(1,3),RANDBETWEEN(1,6)))))))) -> 0 | U126: =IF(19>$B$3,0, IF(RANDBETWEEN(1,6)+$B$14<$B$4, IF($B$12=1,IF(RANDBETWEEN(1,6)+$B$14<$B$4,0,1),0), IF($B$11=1,IF(RANDBETWEEN(1,6)=6,1,0),0)+ IF(RANDBETWEEN(1,6)<$B$5, IF($B$13=1,IF(RANDBETWEEN(1,6)<$B$5,0,1),0), IF(RANDBETWEEN(1,6)>=($B$6-$B$7+$B$15),0, IF($B$8>0,IF(RANDBETWEEN(1,6)>=$B$8,0, IF($B$9=1,$B$10,IF($B$9=2,RANDBETWEEN(1,3),RANDBETWEEN(1,6)))), IF($B$9=1,$B$10,IF($B$9=2,RANDBETWEEN(1,3),RANDBETWEEN(1,6)))))))) -> 0 | V126: =IF(20>$B$3,0, IF(RANDBETWEEN(1,6)+$B$14<$B$4, IF($B$12=1,IF(RANDBETWEEN(1,6)+$B$14<$B$4,0,1),0), IF($B$11=1,IF(RANDBETWEEN(1,6)=6,1,0),0)+ IF(RANDBETWEEN(1,6)<$B$5, IF($B$13=1,IF(RANDBETWEEN(1,6)<$B$5,0,1),0), IF(RANDBETWEEN(1,6)>=($B$6-$B$7+$B$15),0, IF($B$8>0,IF(RANDBETWEEN(1,6)>=$B$8,0, IF($B$9=1,$B$10,IF($B$9=2,RANDBETWEEN(1,3),RANDBETWEEN(1,6)))), IF($B$9=1,$B$10,IF($B$9=2,RANDBETWEEN(1,3),RANDBETWEEN(1,6)))))))) -> 0 | W126: =IF(21>$B$3,0, IF(RANDBETWEEN(1,6)+$B$14<$B$4, IF($B$12=1,IF(RANDBETWEEN(1,6)+$B$14<$B$4,0,1),0), IF($B$11=1,IF(RANDBETWEEN(1,6)=6,1,0),0)+ IF(RANDBETWEEN(1,6)<$B$5, IF($B$13=1,IF(RANDBETWEEN(1,6)<$B$5,0,1),0), IF(RANDBETWEEN(1,6)>=($B$6-$B$7+$B$15),0, IF($B$8>0,IF(RANDBETWEEN(1,6)>=$B$8,0, IF($B$9=1,$B$10,IF($B$9=2,RANDBETWEEN(1,3),RANDBETWEEN(1,6)))), IF($B$9=1,$B$10,IF($B$9=2,RANDBETWEEN(1,3),RANDBETWEEN(1,6)))))))) -> 0 | X126: =IF(22>$B$3,0, IF(RANDBETWEEN(1,6)+$B$14<$B$4, IF($B$12=1,IF(RANDBETWEEN(1,6)+$B$14<$B$4,0,1),0), IF($B$11=1,IF(RANDBETWEEN(1,6)=6,1,0),0)+ IF(RANDBETWEEN(1,6)<$B$5, IF($B$13=1,IF(RANDBETWEEN(1,6)<$B$5,0,1),0), IF(RANDBETWEEN(1,6)>=($B$6-$B$7+$B$15),0, IF($B$8>0,IF(RANDBETWEEN(1,6)>=$B$8,0, IF($B$9=1,$B$10,IF($B$9=2,RANDBETWEEN(1,3),RANDBETWEEN(1,6)))), IF($B$9=1,$B$10,IF($B$9=2,RANDBETWEEN(1,3),RANDBETWEEN(1,6)))))))) -> 0 | Y126: =IF(23>$B$3,0, IF(RANDBETWEEN(1,6)+$B$14<$B$4, IF($B$12=1,IF(RANDBETWEEN(1,6)+$B$14<$B$4,0,1),0), IF($B$11=1,IF(RANDBETWEEN(1,6)=6,1,0),0)+ IF(RANDBETWEEN(1,6)<$B$5, IF($B$13=1,IF(RANDBETWEEN(1,6)<$B$5,0,1),0), IF(RANDBETWEEN(1,6)>=($B$6-$B$7+$B$15),0, IF($B$8>0,IF(RANDBETWEEN(1,6)>=$B$8,0, IF($B$9=1,$B$10,IF($B$9=2,RANDBETWEEN(1,3),RANDBETWEEN(1,6)))), IF($B$9=1,$B$10,IF($B$9=2,RANDBETWEEN(1,3),RANDBETWEEN(1,6)))))))) -> 0 | Z126: =IF(24>$B$3,0, IF(RANDBETWEEN(1,6)+$B$14<$B$4, IF($B$12=1,IF(RANDBETWEEN(1,6)+$B$14<$B$4,0,1),0), IF($B$11=1,IF(RANDBETWEEN(1,6)=6,1,0),0)+ IF(RANDBETWEEN(1,6)<$B$5, IF($B$13=1,IF(RANDBETWEEN(1,6)<$B$5,0,1),0), IF(RANDBETWEEN(1,6)>=($B$6-$B$7+$B$15),0, IF($B$8>0,IF(RANDBETWEEN(1,6)>=$B$8,0, IF($B$9=1,$B$10,IF($B$9=2,RANDBETWEEN(1,3),RANDBETWEEN(1,6)))), IF($B$9=1,$B$10,IF($B$9=2,RANDBETWEEN(1,3),RANDBETWEEN(1,6)))))))) -> 0 | AA126: =IF(25>$B$3,0, IF(RANDBETWEEN(1,6)+$B$14<$B$4, IF($B$12=1,IF(RANDBETWEEN(1,6)+$B$14<$B$4,0,1),0), IF($B$11=1,IF(RANDBETWEEN(1,6)=6,1,0),0)+ IF(RANDBETWEEN(1,6)<$B$5, IF($B$13=1,IF(RANDBETWEEN(1,6)<$B$5,0,1),0), IF(RANDBETWEEN(1,6)>=($B$6-$B$7+$B$15),0, IF($B$8>0,IF(RANDBETWEEN(1,6)>=$B$8,0, IF($B$9=1,$B$10,IF($B$9=2,RANDBETWEEN(1,3),RANDBETWEEN(1,6)))), IF($B$9=1,$B$10,IF($B$9=2,RANDBETWEEN(1,3),RANDBETWEEN(1,6)))))))) -> 0 | AB126: =IF(26>$B$3,0, IF(RANDBETWEEN(1,6)+$B$14<$B$4, IF($B$12=1,IF(RANDBETWEEN(1,6)+$B$14<$B$4,0,1),0), IF($B$11=1,IF(RANDBETWEEN(1,6)=6,1,0),0)+ IF(RANDBETWEEN(1,6)<$B$5, IF($B$13=1,IF(RANDBETWEEN(1,6)<$B$5,0,1),0), IF(RANDBETWEEN(1,6)>=($B$6-$B$7+$B$15),0, IF($B$8>0,IF(RANDBETWEEN(1,6)>=$B$8,0, IF($B$9=1,$B$10,IF($B$9=2,RANDBETWEEN(1,3),RANDBETWEEN(1,6)))), IF($B$9=1,$B$10,IF($B$9=2,RANDBETWEEN(1,3),RANDBETWEEN(1,6)))))))) -> 0 | AC126: =IF(27>$B$3,0, IF(RANDBETWEEN(1,6)+$B$14<$B$4, IF($B$12=1,IF(RANDBETWEEN(1,6)+$B$14<$B$4,0,1),0), IF($B$11=1,IF(RANDBETWEEN(1,6)=6,1,0),0)+ IF(RANDBETWEEN(1,6)<$B$5, IF($B$13=1,IF(RANDBETWEEN(1,6)<$B$5,0,1),0), IF(RANDBETWEEN(1,6)>=($B$6-$B$7+$B$15),0, IF($B$8>0,IF(RANDBETWEEN(1,6)>=$B$8,0, IF($B$9=1,$B$10,IF($B$9=2,RANDBETWEEN(1,3),RANDBETWEEN(1,6)))), IF($B$9=1,$B$10,IF($B$9=2,RANDBETWEEN(1,3),RANDBETWEEN(1,6)))))))) -> 0 | AD126: =IF(28>$B$3,0, IF(RANDBETWEEN(1,6)+$B$14<$B$4, IF($B$12=1,IF(RANDBETWEEN(1,6)+$B$14<$B$4,0,1),0), IF($B$11=1,IF(RANDBETWEEN(1,6)=6,1,0),0)+ IF(RANDBETWEEN(1,6)<$B$5, IF($B$13=1,IF(RANDBETWEEN(1,6)<$B$5,0,1),0), IF(RANDBETWEEN(1,6)>=($B$6-$B$7+$B$15),0, IF($B$8>0,IF(RANDBETWEEN(1,6)>=$B$8,0, IF($B$9=1,$B$10,IF($B$9=2,RANDBETWEEN(1,3),RANDBETWEEN(1,6)))), IF($B$9=1,$B$10,IF($B$9=2,RANDBETWEEN(1,3),RANDBETWEEN(1,6)))))))) -> 0 | AE126: =IF(29>$B$3,0, IF(RANDBETWEEN(1,6)+$B$14<$B$4, IF($B$12=1,IF(RANDBETWEEN(1,6)+$B$14<$B$4,0,1),0), IF($B$11=1,IF(RANDBETWEEN(1,6)=6,1,0),0)+ IF(RANDBETWEEN(1,6)<$B$5, IF($B$13=1,IF(RANDBETWEEN(1,6)<$B$5,0,1),0), IF(RANDBETWEEN(1,6)>=($B$6-$B$7+$B$15),0, IF($B$8>0,IF(RANDBETWEEN(1,6)>=$B$8,0, IF($B$9=1,$B$10,IF($B$9=2,RANDBETWEEN(1,3),RANDBETWEEN(1,6)))), IF($B$9=1,$B$10,IF($B$9=2,RANDBETWEEN(1,3),RANDBETWEEN(1,6)))))))) -> 0 | AF126: =IF(30>$B$3,0, IF(RANDBETWEEN(1,6)+$B$14<$B$4, IF($B$12=1,IF(RANDBETWEEN(1,6)+$B$14<$B$4,0,1),0), IF($B$11=1,IF(RANDBETWEEN(1,6)=6,1,0),0)+ IF(RANDBETWEEN(1,6)<$B$5, IF($B$13=1,IF(RANDBETWEEN(1,6)<$B$5,0,1),0), IF(RANDBETWEEN(1,6)>=($B$6-$B$7+$B$15),0, IF($B$8>0,IF(RANDBETWEEN(1,6)>=$B$8,0, IF($B$9=1,$B$10,IF($B$9=2,RANDBETWEEN(1,3),RANDBETWEEN(1,6)))), IF($B$9=1,$B$10,IF($B$9=2,RANDBETWEEN(1,3),RANDBETWEEN(1,6)))))))) -> 0
A127: 8 | B127: =SUM(C127:AF127) -> 15 | C127: =IF(1>$B$3,0, IF(RANDBETWEEN(1,6)+$B$14<$B$4, IF($B$12=1,IF(RANDBETWEEN(1,6)+$B$14<$B$4,0,1),0), IF($B$11=1,IF(RANDBETWEEN(1,6)=6,1,0),0)+ IF(RANDBETWEEN(1,6)<$B$5, IF($B$13=1,IF(RANDBETWEEN(1,6)<$B$5,0,1),0), IF(RANDBETWEEN(1,6)>=($B$6-$B$7+$B$15),0, IF($B$8>0,IF(RANDBETWEEN(1,6)>=$B$8,0, IF($B$9=1,$B$10,IF($B$9=2,RANDBETWEEN(1,3),RANDBETWEEN(1,6)))), IF($B$9=1,$B$10,IF($B$9=2,RANDBETWEEN(1,3),RANDBETWEEN(1,6)))))))) -> 0 | D127: =IF(2>$B$3,0, IF(RANDBETWEEN(1,6)+$B$14<$B$4, IF($B$12=1,IF(RANDBETWEEN(1,6)+$B$14<$B$4,0,1),0), IF($B$11=1,IF(RANDBETWEEN(1,6)=6,1,0),0)+ IF(RANDBETWEEN(1,6)<$B$5, IF($B$13=1,IF(RANDBETWEEN(1,6)<$B$5,0,1),0), IF(RANDBETWEEN(1,6)>=($B$6-$B$7+$B$15),0, IF($B$8>0,IF(RANDBETWEEN(1,6)>=$B$8,0, IF($B$9=1,$B$10,IF($B$9=2,RANDBETWEEN(1,3),RANDBETWEEN(1,6)))), IF($B$9=1,$B$10,IF($B$9=2,RANDBETWEEN(1,3),RANDBETWEEN(1,6)))))))) -> 0 | E127: =IF(3>$B$3,0, IF(RANDBETWEEN(1,6)+$B$14<$B$4, IF($B$12=1,IF(RANDBETWEEN(1,6)+$B$14<$B$4,0,1),0), IF($B$11=1,IF(RANDBETWEEN(1,6)=6,1,0),0)+ IF(RANDBETWEEN(1,6)<$B$5, IF($B$13=1,IF(RANDBETWEEN(1,6)<$B$5,0,1),0), IF(RANDBETWEEN(1,6)>=($B$6-$B$7+$B$15),0, IF($B$8>0,IF(RANDBETWEEN(1,6)>=$B$8,0, IF($B$9=1,$B$10,IF($B$9=2,RANDBETWEEN(1,3),RANDBETWEEN(1,6)))), IF($B$9=1,$B$10,IF($B$9=2,RANDBETWEEN(1,3),RANDBETWEEN(1,6)))))))) -> 3 | F127: =IF(4>$B$3,0, IF(RANDBETWEEN(1,6)+$B$14<$B$4, IF($B$12=1,IF(RANDBETWEEN(1,6)+$B$14<$B$4,0,1),0), IF($B$11=1,IF(RANDBETWEEN(1,6)=6,1,0),0)+ IF(RANDBETWEEN(1,6)<$B$5, IF($B$13=1,IF(RANDBETWEEN(1,6)<$B$5,0,1),0), IF(RANDBETWEEN(1,6)>=($B$6-$B$7+$B$15),0, IF($B$8>0,IF(RANDBETWEEN(1,6)>=$B$8,0, IF($B$9=1,$B$10,IF($B$9=2,RANDBETWEEN(1,3),RANDBETWEEN(1,6)))), IF($B$9=1,$B$10,IF($B$9=2,RANDBETWEEN(1,3),RANDBETWEEN(1,6)))))))) -> 3 | G127: =IF(5>$B$3,0, IF(RANDBETWEEN(1,6)+$B$14<$B$4, IF($B$12=1,IF(RANDBETWEEN(1,6)+$B$14<$B$4,0,1),0), IF($B$11=1,IF(RANDBETWEEN(1,6)=6,1,0),0)+ IF(RANDBETWEEN(1,6)<$B$5, IF($B$13=1,IF(RANDBETWEEN(1,6)<$B$5,0,1),0), IF(RANDBETWEEN(1,6)>=($B$6-$B$7+$B$15),0, IF($B$8>0,IF(RANDBETWEEN(1,6)>=$B$8,0, IF($B$9=1,$B$10,IF($B$9=2,RANDBETWEEN(1,3),RANDBETWEEN(1,6)))), IF($B$9=1,$B$10,IF($B$9=2,RANDBETWEEN(1,3),RANDBETWEEN(1,6)))))))) -> 0 | H127: =IF(6>$B$3,0, IF(RANDBETWEEN(1,6)+$B$14<$B$4, IF($B$12=1,IF(RANDBETWEEN(1,6)+$B$14<$B$4,0,1),0), IF($B$11=1,IF(RANDBETWEEN(1,6)=6,1,0),0)+ IF(RANDBETWEEN(1,6)<$B$5, IF($B$13=1,IF(RANDBETWEEN(1,6)<$B$5,0,1),0), IF(RANDBETWEEN(1,6)>=($B$6-$B$7+$B$15),0, IF($B$8>0,IF(RANDBETWEEN(1,6)>=$B$8,0, IF($B$9=1,$B$10,IF($B$9=2,RANDBETWEEN(1,3),RANDBETWEEN(1,6)))), IF($B$9=1,$B$10,IF($B$9=2,RANDBETWEEN(1,3),RANDBETWEEN(1,6)))))))) -> 3 | I127: =IF(7>$B$3,0, IF(RANDBETWEEN(1,6)+$B$14<$B$4, IF($B$12=1,IF(RANDBETWEEN(1,6)+$B$14<$B$4,0,1),0), IF($B$11=1,IF(RANDBETWEEN(1,6)=6,1,0),0)+ IF(RANDBETWEEN(1,6)<$B$5, IF($B$13=1,IF(RANDBETWEEN(1,6)<$B$5,0,1),0), IF(RANDBETWEEN(1,6)>=($B$6-$B$7+$B$15),0, IF($B$8>0,IF(RANDBETWEEN(1,6)>=$B$8,0, IF($B$9=1,$B$10,IF($B$9=2,RANDBETWEEN(1,3),RANDBETWEEN(1,6)))), IF($B$9=1,$B$10,IF($B$9=2,RANDBETWEEN(1,3),RANDBETWEEN(1,6)))))))) -> 3 | J127: =IF(8>$B$3,0, IF(RANDBETWEEN(1,6)+$B$14<$B$4, IF($B$12=1,IF(RANDBETWEEN(1,6)+$B$14<$B$4,0,1),0), IF($B$11=1,IF(RANDBETWEEN(1,6)=6,1,0),0)+ IF(RANDBETWEEN(1,6)<$B$5, IF($B$13=1,IF(RANDBETWEEN(1,6)<$B$5,0,1),0), IF(RANDBETWEEN(1,6)>=($B$6-$B$7+$B$15),0, IF($B$8>0,IF(RANDBETWEEN(1,6)>=$B$8,0, IF($B$9=1,$B$10,IF($B$9=2,RANDBETWEEN(1,3),RANDBETWEEN(1,6)))), IF($B$9=1,$B$10,IF($B$9=2,RANDBETWEEN(1,3),RANDBETWEEN(1,6)))))))) -> 3 | K127: =IF(9>$B$3,0, IF(RANDBETWEEN(1,6)+$B$14<$B$4, IF($B$12=1,IF(RANDBETWEEN(1,6)+$B$14<$B$4,0,1),0), IF($B$11=1,IF(RANDBETWEEN(1,6)=6,1,0),0)+ IF(RANDBETWEEN(1,6)<$B$5, IF($B$13=1,IF(RANDBETWEEN(1,6)<$B$5,0,1),0), IF(RANDBETWEEN(1,6)>=($B$6-$B$7+$B$15),0, IF($B$8>0,IF(RANDBETWEEN(1,6)>=$B$8,0, IF($B$9=1,$B$10,IF($B$9=2,RANDBETWEEN(1,3),RANDBETWEEN(1,6)))), IF($B$9=1,$B$10,IF($B$9=2,RANDBETWEEN(1,3),RANDBETWEEN(1,6)))))))) -> 0 | L127: =IF(10>$B$3,0, IF(RANDBETWEEN(1,6)+$B$14<$B$4, IF($B$12=1,IF(RANDBETWEEN(1,6)+$B$14<$B$4,0,1),0), IF($B$11=1,IF(RANDBETWEEN(1,6)=6,1,0),0)+ IF(RANDBETWEEN(1,6)<$B$5, IF($B$13=1,IF(RANDBETWEEN(1,6)<$B$5,0,1),0), IF(RANDBETWEEN(1,6)>=($B$6-$B$7+$B$15),0, IF($B$8>0,IF(RANDBETWEEN(1,6)>=$B$8,0, IF($B$9=1,$B$10,IF($B$9=2,RANDBETWEEN(1,3),RANDBETWEEN(1,6)))), IF($B$9=1,$B$10,IF($B$9=2,RANDBETWEEN(1,3),RANDBETWEEN(1,6)))))))) -> 0 | M127: =IF(11>$B$3,0, IF(RANDBETWEEN(1,6)+$B$14<$B$4, IF($B$12=1,IF(RANDBETWEEN(1,6)+$B$14<$B$4,0,1),0), IF($B$11=1,IF(RANDBETWEEN(1,6)=6,1,0),0)+ IF(RANDBETWEEN(1,6)<$B$5, IF($B$13=1,IF(RANDBETWEEN(1,6)<$B$5,0,1),0), IF(RANDBETWEEN(1,6)>=($B$6-$B$7+$B$15),0, IF($B$8>0,IF(RANDBETWEEN(1,6)>=$B$8,0, IF($B$9=1,$B$10,IF($B$9=2,RANDBETWEEN(1,3),RANDBETWEEN(1,6)))), IF($B$9=1,$B$10,IF($B$9=2,RANDBETWEEN(1,3),RANDBETWEEN(1,6)))))))) -> 0 | N127: =IF(12>$B$3,0, IF(RANDBETWEEN(1,6)+$B$14<$B$4, IF($B$12=1,IF(RANDBETWEEN(1,6)+$B$14<$B$4,0,1),0), IF($B$11=1,IF(RANDBETWEEN(1,6)=6,1,0),0)+ IF(RANDBETWEEN(1,6)<$B$5, IF($B$13=1,IF(RANDBETWEEN(1,6)<$B$5,0,1),0), IF(RANDBETWEEN(1,6)>=($B$6-$B$7+$B$15),0, IF($B$8>0,IF(RANDBETWEEN(1,6)>=$B$8,0, IF($B$9=1,$B$10,IF($B$9=2,RANDBETWEEN(1,3),RANDBETWEEN(1,6)))), IF($B$9=1,$B$10,IF($B$9=2,RANDBETWEEN(1,3),RANDBETWEEN(1,6)))))))) -> 0 | O127: =IF(13>$B$3,0, IF(RANDBETWEEN(1,6)+$B$14<$B$4, IF($B$12=1,IF(RANDBETWEEN(1,6)+$B$14<$B$4,0,1),0), IF($B$11=1,IF(RANDBETWEEN(1,6)=6,1,0),0)+ IF(RANDBETWEEN(1,6)<$B$5, IF($B$13=1,IF(RANDBETWEEN(1,6)<$B$5,0,1),0), IF(RANDBETWEEN(1,6)>=($B$6-$B$7+$B$15),0, IF($B$8>0,IF(RANDBETWEEN(1,6)>=$B$8,0, IF($B$9=1,$B$10,IF($B$9=2,RANDBETWEEN(1,3),RANDBETWEEN(1,6)))), IF($B$9=1,$B$10,IF($B$9=2,RANDBETWEEN(1,3),RANDBETWEEN(1,6)))))))) -> 0 | P127: =IF(14>$B$3,0, IF(RANDBETWEEN(1,6)+$B$14<$B$4, IF($B$12=1,IF(RANDBETWEEN(1,6)+$B$14<$B$4,0,1),0), IF($B$11=1,IF(RANDBETWEEN(1,6)=6,1,0),0)+ IF(RANDBETWEEN(1,6)<$B$5, IF($B$13=1,IF(RANDBETWEEN(1,6)<$B$5,0,1),0), IF(RANDBETWEEN(1,6)>=($B$6-$B$7+$B$15),0, IF($B$8>0,IF(RANDBETWEEN(1,6)>=$B$8,0, IF($B$9=1,$B$10,IF($B$9=2,RANDBETWEEN(1,3),RANDBETWEEN(1,6)))), IF($B$9=1,$B$10,IF($B$9=2,RANDBETWEEN(1,3),RANDBETWEEN(1,6)))))))) -> 0 | Q127: =IF(15>$B$3,0, IF(RANDBETWEEN(1,6)+$B$14<$B$4, IF($B$12=1,IF(RANDBETWEEN(1,6)+$B$14<$B$4,0,1),0), IF($B$11=1,IF(RANDBETWEEN(1,6)=6,1,0),0)+ IF(RANDBETWEEN(1,6)<$B$5, IF($B$13=1,IF(RANDBETWEEN(1,6)<$B$5,0,1),0), IF(RANDBETWEEN(1,6)>=($B$6-$B$7+$B$15),0, IF($B$8>0,IF(RANDBETWEEN(1,6)>=$B$8,0, IF($B$9=1,$B$10,IF($B$9=2,RANDBETWEEN(1,3),RANDBETWEEN(1,6)))), IF($B$9=1,$B$10,IF($B$9=2,RANDBETWEEN(1,3),RANDBETWEEN(1,6)))))))) -> 0 | R127: =IF(16>$B$3,0, IF(RANDBETWEEN(1,6)+$B$14<$B$4, IF($B$12=1,IF(RANDBETWEEN(1,6)+$B$14<$B$4,0,1),0), IF($B$11=1,IF(RANDBETWEEN(1,6)=6,1,0),0)+ IF(RANDBETWEEN(1,6)<$B$5, IF($B$13=1,IF(RANDBETWEEN(1,6)<$B$5,0,1),0), IF(RANDBETWEEN(1,6)>=($B$6-$B$7+$B$15),0, IF($B$8>0,IF(RANDBETWEEN(1,6)>=$B$8,0, IF($B$9=1,$B$10,IF($B$9=2,RANDBETWEEN(1,3),RANDBETWEEN(1,6)))), IF($B$9=1,$B$10,IF($B$9=2,RANDBETWEEN(1,3),RANDBETWEEN(1,6)))))))) -> 0 | S127: =IF(17>$B$3,0, IF(RANDBETWEEN(1,6)+$B$14<$B$4, IF($B$12=1,IF(RANDBETWEEN(1,6)+$B$14<$B$4,0,1),0), IF($B$11=1,IF(RANDBETWEEN(1,6)=6,1,0),0)+ IF(RANDBETWEEN(1,6)<$B$5, IF($B$13=1,IF(RANDBETWEEN(1,6)<$B$5,0,1),0), IF(RANDBETWEEN(1,6)>=($B$6-$B$7+$B$15),0, IF($B$8>0,IF(RANDBETWEEN(1,6)>=$B$8,0, IF($B$9=1,$B$10,IF($B$9=2,RANDBETWEEN(1,3),RANDBETWEEN(1,6)))), IF($B$9=1,$B$10,IF($B$9=2,RANDBETWEEN(1,3),RANDBETWEEN(1,6)))))))) -> 0 | T127: =IF(18>$B$3,0, IF(RANDBETWEEN(1,6)+$B$14<$B$4, IF($B$12=1,IF(RANDBETWEEN(1,6)+$B$14<$B$4,0,1),0), IF($B$11=1,IF(RANDBETWEEN(1,6)=6,1,0),0)+ IF(RANDBETWEEN(1,6)<$B$5, IF($B$13=1,IF(RANDBETWEEN(1,6)<$B$5,0,1),0), IF(RANDBETWEEN(1,6)>=($B$6-$B$7+$B$15),0, IF($B$8>0,IF(RANDBETWEEN(1,6)>=$B$8,0, IF($B$9=1,$B$10,IF($B$9=2,RANDBETWEEN(1,3),RANDBETWEEN(1,6)))), IF($B$9=1,$B$10,IF($B$9=2,RANDBETWEEN(1,3),RANDBETWEEN(1,6)))))))) -> 0 | U127: =IF(19>$B$3,0, IF(RANDBETWEEN(1,6)+$B$14<$B$4, IF($B$12=1,IF(RANDBETWEEN(1,6)+$B$14<$B$4,0,1),0), IF($B$11=1,IF(RANDBETWEEN(1,6)=6,1,0),0)+ IF(RANDBETWEEN(1,6)<$B$5, IF($B$13=1,IF(RANDBETWEEN(1,6)<$B$5,0,1),0), IF(RANDBETWEEN(1,6)>=($B$6-$B$7+$B$15),0, IF($B$8>0,IF(RANDBETWEEN(1,6)>=$B$8,0, IF($B$9=1,$B$10,IF($B$9=2,RANDBETWEEN(1,3),RANDBETWEEN(1,6)))), IF($B$9=1,$B$10,IF($B$9=2,RANDBETWEEN(1,3),RANDBETWEEN(1,6)))))))) -> 0 | V127: =IF(20>$B$3,0, IF(RANDBETWEEN(1,6)+$B$14<$B$4, IF($B$12=1,IF(RANDBETWEEN(1,6)+$B$14<$B$4,0,1),0), IF($B$11=1,IF(RANDBETWEEN(1,6)=6,1,0),0)+ IF(RANDBETWEEN(1,6)<$B$5, IF($B$13=1,IF(RANDBETWEEN(1,6)<$B$5,0,1),0), IF(RANDBETWEEN(1,6)>=($B$6-$B$7+$B$15),0, IF($B$8>0,IF(RANDBETWEEN(1,6)>=$B$8,0, IF($B$9=1,$B$10,IF($B$9=2,RANDBETWEEN(1,3),RANDBETWEEN(1,6)))), IF($B$9=1,$B$10,IF($B$9=2,RANDBETWEEN(1,3),RANDBETWEEN(1,6)))))))) -> 0 | W127: =IF(21>$B$3,0, IF(RANDBETWEEN(1,6)+$B$14<$B$4, IF($B$12=1,IF(RANDBETWEEN(1,6)+$B$14<$B$4,0,1),0), IF($B$11=1,IF(RANDBETWEEN(1,6)=6,1,0),0)+ IF(RANDBETWEEN(1,6)<$B$5, IF($B$13=1,IF(RANDBETWEEN(1,6)<$B$5,0,1),0), IF(RANDBETWEEN(1,6)>=($B$6-$B$7+$B$15),0, IF($B$8>0,IF(RANDBETWEEN(1,6)>=$B$8,0, IF($B$9=1,$B$10,IF($B$9=2,RANDBETWEEN(1,3),RANDBETWEEN(1,6)))), IF($B$9=1,$B$10,IF($B$9=2,RANDBETWEEN(1,3),RANDBETWEEN(1,6)))))))) -> 0 | X127: =IF(22>$B$3,0, IF(RANDBETWEEN(1,6)+$B$14<$B$4, IF($B$12=1,IF(RANDBETWEEN(1,6)+$B$14<$B$4,0,1),0), IF($B$11=1,IF(RANDBETWEEN(1,6)=6,1,0),0)+ IF(RANDBETWEEN(1,6)<$B$5, IF($B$13=1,IF(RANDBETWEEN(1,6)<$B$5,0,1),0), IF(RANDBETWEEN(1,6)>=($B$6-$B$7+$B$15),0, IF($B$8>0,IF(RANDBETWEEN(1,6)>=$B$8,0, IF($B$9=1,$B$10,IF($B$9=2,RANDBETWEEN(1,3),RANDBETWEEN(1,6)))), IF($B$9=1,$B$10,IF($B$9=2,RANDBETWEEN(1,3),RANDBETWEEN(1,6)))))))) -> 0 | Y127: =IF(23>$B$3,0, IF(RANDBETWEEN(1,6)+$B$14<$B$4, IF($B$12=1,IF(RANDBETWEEN(1,6)+$B$14<$B$4,0,1),0), IF($B$11=1,IF(RANDBETWEEN(1,6)=6,1,0),0)+ IF(RANDBETWEEN(1,6)<$B$5, IF($B$13=1,IF(RANDBETWEEN(1,6)<$B$5,0,1),0), IF(RANDBETWEEN(1,6)>=($B$6-$B$7+$B$15),0, IF($B$8>0,IF(RANDBETWEEN(1,6)>=$B$8,0, IF($B$9=1,$B$10,IF($B$9=2,RANDBETWEEN(1,3),RANDBETWEEN(1,6)))), IF($B$9=1,$B$10,IF($B$9=2,RANDBETWEEN(1,3),RANDBETWEEN(1,6)))))))) -> 0 | Z127: =IF(24>$B$3,0, IF(RANDBETWEEN(1,6)+$B$14<$B$4, IF($B$12=1,IF(RANDBETWEEN(1,6)+$B$14<$B$4,0,1),0), IF($B$11=1,IF(RANDBETWEEN(1,6)=6,1,0),0)+ IF(RANDBETWEEN(1,6)<$B$5, IF($B$13=1,IF(RANDBETWEEN(1,6)<$B$5,0,1),0), IF(RANDBETWEEN(1,6)>=($B$6-$B$7+$B$15),0, IF($B$8>0,IF(RANDBETWEEN(1,6)>=$B$8,0, IF($B$9=1,$B$10,IF($B$9=2,RANDBETWEEN(1,3),RANDBETWEEN(1,6)))), IF($B$9=1,$B$10,IF($B$9=2,RANDBETWEEN(1,3),RANDBETWEEN(1,6)))))))) -> 0 | AA127: =IF(25>$B$3,0, IF(RANDBETWEEN(1,6)+$B$14<$B$4, IF($B$12=1,IF(RANDBETWEEN(1,6)+$B$14<$B$4,0,1),0), IF($B$11=1,IF(RANDBETWEEN(1,6)=6,1,0),0)+ IF(RANDBETWEEN(1,6)<$B$5, IF($B$13=1,IF(RANDBETWEEN(1,6)<$B$5,0,1),0), IF(RANDBETWEEN(1,6)>=($B$6-$B$7+$B$15),0, IF($B$8>0,IF(RANDBETWEEN(1,6)>=$B$8,0, IF($B$9=1,$B$10,IF($B$9=2,RANDBETWEEN(1,3),RANDBETWEEN(1,6)))), IF($B$9=1,$B$10,IF($B$9=2,RANDBETWEEN(1,3),RANDBETWEEN(1,6)))))))) -> 0 | AB127: =IF(26>$B$3,0, IF(RANDBETWEEN(1,6)+$B$14<$B$4, IF($B$12=1,IF(RANDBETWEEN(1,6)+$B$14<$B$4,0,1),0), IF($B$11=1,IF(RANDBETWEEN(1,6)=6,1,0),0)+ IF(RANDBETWEEN(1,6)<$B$5, IF($B$13=1,IF(RANDBETWEEN(1,6)<$B$5,0,1),0), IF(RANDBETWEEN(1,6)>=($B$6-$B$7+$B$15),0, IF($B$8>0,IF(RANDBETWEEN(1,6)>=$B$8,0, IF($B$9=1,$B$10,IF($B$9=2,RANDBETWEEN(1,3),RANDBETWEEN(1,6)))), IF($B$9=1,$B$10,IF($B$9=2,RANDBETWEEN(1,3),RANDBETWEEN(1,6)))))))) -> 0 | AC127: =IF(27>$B$3,0, IF(RANDBETWEEN(1,6)+$B$14<$B$4, IF($B$12=1,IF(RANDBETWEEN(1,6)+$B$14<$B$4,0,1),0), IF($B$11=1,IF(RANDBETWEEN(1,6)=6,1,0),0)+ IF(RANDBETWEEN(1,6)<$B$5, IF($B$13=1,IF(RANDBETWEEN(1,6)<$B$5,0,1),0), IF(RANDBETWEEN(1,6)>=($B$6-$B$7+$B$15),0, IF($B$8>0,IF(RANDBETWEEN(1,6)>=$B$8,0, IF($B$9=1,$B$10,IF($B$9=2,RANDBETWEEN(1,3),RANDBETWEEN(1,6)))), IF($B$9=1,$B$10,IF($B$9=2,RANDBETWEEN(1,3),RANDBETWEEN(1,6)))))))) -> 0 | AD127: =IF(28>$B$3,0, IF(RANDBETWEEN(1,6)+$B$14<$B$4, IF($B$12=1,IF(RANDBETWEEN(1,6)+$B$14<$B$4,0,1),0), IF($B$11=1,IF(RANDBETWEEN(1,6)=6,1,0),0)+ IF(RANDBETWEEN(1,6)<$B$5, IF($B$13=1,IF(RANDBETWEEN(1,6)<$B$5,0,1),0), IF(RANDBETWEEN(1,6)>=($B$6-$B$7+$B$15),0, IF($B$8>0,IF(RANDBETWEEN(1,6)>=$B$8,0, IF($B$9=1,$B$10,IF($B$9=2,RANDBETWEEN(1,3),RANDBETWEEN(1,6)))), IF($B$9=1,$B$10,IF($B$9=2,RANDBETWEEN(1,3),RANDBETWEEN(1,6)))))))) -> 0 | AE127: =IF(29>$B$3,0, IF(RANDBETWEEN(1,6)+$B$14<$B$4, IF($B$12=1,IF(RANDBETWEEN(1,6)+$B$14<$B$4,0,1),0), IF($B$11=1,IF(RANDBETWEEN(1,6)=6,1,0),0)+ IF(RANDBETWEEN(1,6)<$B$5, IF($B$13=1,IF(RANDBETWEEN(1,6)<$B$5,0,1),0), IF(RANDBETWEEN(1,6)>=($B$6-$B$7+$B$15),0, IF($B$8>0,IF(RANDBETWEEN(1,6)>=$B$8,0, IF($B$9=1,$B$10,IF($B$9=2,RANDBETWEEN(1,3),RANDBETWEEN(1,6)))), IF($B$9=1,$B$10,IF($B$9=2,RANDBETWEEN(1,3),RANDBETWEEN(1,6)))))))) -> 0 | AF127: =IF(30>$B$3,0, IF(RANDBETWEEN(1,6)+$B$14<$B$4, IF($B$12=1,IF(RANDBETWEEN(1,6)+$B$14<$B$4,0,1),0), IF($B$11=1,IF(RANDBETWEEN(1,6)=6,1,0),0)+ IF(RANDBETWEEN(1,6)<$B$5, IF($B$13=1,IF(RANDBETWEEN(1,6)<$B$5,0,1),0), IF(RANDBETWEEN(1,6)>=($B$6-$B$7+$B$15),0, IF($B$8>0,IF(RANDBETWEEN(1,6)>=$B$8,0, IF($B$9=1,$B$10,IF($B$9=2,RANDBETWEEN(1,3),RANDBETWEEN(1,6)))), IF($B$9=1,$B$10,IF($B$9=2,RANDBETWEEN(1,3),RANDBETWEEN(1,6)))))))) -> 0
A128: 9 | B128: =SUM(C128:AF128) -> 12 | C128: =IF(1>$B$3,0, IF(RANDBETWEEN(1,6)+$B$14<$B$4, IF($B$12=1,IF(RANDBETWEEN(1,6)+$B$14<$B$4,0,1),0), IF($B$11=1,IF(RANDBETWEEN(1,6)=6,1,0),0)+ IF(RANDBETWEEN(1,6)<$B$5, IF($B$13=1,IF(RANDBETWEEN(1,6)<$B$5,0,1),0), IF(RANDBETWEEN(1,6)>=($B$6-$B$7+$B$15),0, IF($B$8>0,IF(RANDBETWEEN(1,6)>=$B$8,0, IF($B$9=1,$B$10,IF($B$9=2,RANDBETWEEN(1,3),RANDBETWEEN(1,6)))), IF($B$9=1,$B$10,IF($B$9=2,RANDBETWEEN(1,3),RANDBETWEEN(1,6)))))))) -> 3 | D128: =IF(2>$B$3,0, IF(RANDBETWEEN(1,6)+$B$14<$B$4, IF($B$12=1,IF(RANDBETWEEN(1,6)+$B$14<$B$4,0,1),0), IF($B$11=1,IF(RANDBETWEEN(1,6)=6,1,0),0)+ IF(RANDBETWEEN(1,6)<$B$5, IF($B$13=1,IF(RANDBETWEEN(1,6)<$B$5,0,1),0), IF(RANDBETWEEN(1,6)>=($B$6-$B$7+$B$15),0, IF($B$8>0,IF(RANDBETWEEN(1,6)>=$B$8,0, IF($B$9=1,$B$10,IF($B$9=2,RANDBETWEEN(1,3),RANDBETWEEN(1,6)))), IF($B$9=1,$B$10,IF($B$9=2,RANDBETWEEN(1,3),RANDBETWEEN(1,6)))))))) -> 0 | E128: =IF(3>$B$3,0, IF(RANDBETWEEN(1,6)+$B$14<$B$4, IF($B$12=1,IF(RANDBETWEEN(1,6)+$B$14<$B$4,0,1),0), IF($B$11=1,IF(RANDBETWEEN(1,6)=6,1,0),0)+ IF(RANDBETWEEN(1,6)<$B$5, IF($B$13=1,IF(RANDBETWEEN(1,6)<$B$5,0,1),0), IF(RANDBETWEEN(1,6)>=($B$6-$B$7+$B$15),0, IF($B$8>0,IF(RANDBETWEEN(1,6)>=$B$8,0, IF($B$9=1,$B$10,IF($B$9=2,RANDBETWEEN(1,3),RANDBETWEEN(1,6)))), IF($B$9=1,$B$10,IF($B$9=2,RANDBETWEEN(1,3),RANDBETWEEN(1,6)))))))) -> 0 | F128: =IF(4>$B$3,0, IF(RANDBETWEEN(1,6)+$B$14<$B$4, IF($B$12=1,IF(RANDBETWEEN(1,6)+$B$14<$B$4,0,1),0), IF($B$11=1,IF(RANDBETWEEN(1,6)=6,1,0),0)+ IF(RANDBETWEEN(1,6)<$B$5, IF($B$13=1,IF(RANDBETWEEN(1,6)<$B$5,0,1),0), IF(RANDBETWEEN(1,6)>=($B$6-$B$7+$B$15),0, IF($B$8>0,IF(RANDBETWEEN(1,6)>=$B$8,0, IF($B$9=1,$B$10,IF($B$9=2,RANDBETWEEN(1,3),RANDBETWEEN(1,6)))), IF($B$9=1,$B$10,IF($B$9=2,RANDBETWEEN(1,3),RANDBETWEEN(1,6)))))))) -> 0 | G128: =IF(5>$B$3,0, IF(RANDBETWEEN(1,6)+$B$14<$B$4, IF($B$12=1,IF(RANDBETWEEN(1,6)+$B$14<$B$4,0,1),0), IF($B$11=1,IF(RANDBETWEEN(1,6)=6,1,0),0)+ IF(RANDBETWEEN(1,6)<$B$5, IF($B$13=1,IF(RANDBETWEEN(1,6)<$B$5,0,1),0), IF(RANDBETWEEN(1,6)>=($B$6-$B$7+$B$15),0, IF($B$8>0,IF(RANDBETWEEN(1,6)>=$B$8,0, IF($B$9=1,$B$10,IF($B$9=2,RANDBETWEEN(1,3),RANDBETWEEN(1,6)))), IF($B$9=1,$B$10,IF($B$9=2,RANDBETWEEN(1,3),RANDBETWEEN(1,6)))))))) -> 0 | H128: =IF(6>$B$3,0, IF(RANDBETWEEN(1,6)+$B$14<$B$4, IF($B$12=1,IF(RANDBETWEEN(1,6)+$B$14<$B$4,0,1),0), IF($B$11=1,IF(RANDBETWEEN(1,6)=6,1,0),0)+ IF(RANDBETWEEN(1,6)<$B$5, IF($B$13=1,IF(RANDBETWEEN(1,6)<$B$5,0,1),0), IF(RANDBETWEEN(1,6)>=($B$6-$B$7+$B$15),0, IF($B$8>0,IF(RANDBETWEEN(1,6)>=$B$8,0, IF($B$9=1,$B$10,IF($B$9=2,RANDBETWEEN(1,3),RANDBETWEEN(1,6)))), IF($B$9=1,$B$10,IF($B$9=2,RANDBETWEEN(1,3),RANDBETWEEN(1,6)))))))) -> 3 | I128: =IF(7>$B$3,0, IF(RANDBETWEEN(1,6)+$B$14<$B$4, IF($B$12=1,IF(RANDBETWEEN(1,6)+$B$14<$B$4,0,1),0), IF($B$11=1,IF(RANDBETWEEN(1,6)=6,1,0),0)+ IF(RANDBETWEEN(1,6)<$B$5, IF($B$13=1,IF(RANDBETWEEN(1,6)<$B$5,0,1),0), IF(RANDBETWEEN(1,6)>=($B$6-$B$7+$B$15),0, IF($B$8>0,IF(RANDBETWEEN(1,6)>=$B$8,0, IF($B$9=1,$B$10,IF($B$9=2,RANDBETWEEN(1,3),RANDBETWEEN(1,6)))), IF($B$9=1,$B$10,IF($B$9=2,RANDBETWEEN(1,3),RANDBETWEEN(1,6)))))))) -> 0 | J128: =IF(8>$B$3,0, IF(RANDBETWEEN(1,6)+$B$14<$B$4, IF($B$12=1,IF(RANDBETWEEN(1,6)+$B$14<$B$4,0,1),0), IF($B$11=1,IF(RANDBETWEEN(1,6)=6,1,0),0)+ IF(RANDBETWEEN(1,6)<$B$5, IF($B$13=1,IF(RANDBETWEEN(1,6)<$B$5,0,1),0), IF(RANDBETWEEN(1,6)>=($B$6-$B$7+$B$15),0, IF($B$8>0,IF(RANDBETWEEN(1,6)>=$B$8,0, IF($B$9=1,$B$10,IF($B$9=2,RANDBETWEEN(1,3),RANDBETWEEN(1,6)))), IF($B$9=1,$B$10,IF($B$9=2,RANDBETWEEN(1,3),RANDBETWEEN(1,6)))))))) -> 0 | K128: =IF(9>$B$3,0, IF(RANDBETWEEN(1,6)+$B$14<$B$4, IF($B$12=1,IF(RANDBETWEEN(1,6)+$B$14<$B$4,0,1),0), IF($B$11=1,IF(RANDBETWEEN(1,6)=6,1,0),0)+ IF(RANDBETWEEN(1,6)<$B$5, IF($B$13=1,IF(RANDBETWEEN(1,6)<$B$5,0,1),0), IF(RANDBETWEEN(1,6)>=($B$6-$B$7+$B$15),0, IF($B$8>0,IF(RANDBETWEEN(1,6)>=$B$8,0, IF($B$9=1,$B$10,IF($B$9=2,RANDBETWEEN(1,3),RANDBETWEEN(1,6)))), IF($B$9=1,$B$10,IF($B$9=2,RANDBETWEEN(1,3),RANDBETWEEN(1,6)))))))) -> 3 | L128: =IF(10>$B$3,0, IF(RANDBETWEEN(1,6)+$B$14<$B$4, IF($B$12=1,IF(RANDBETWEEN(1,6)+$B$14<$B$4,0,1),0), IF($B$11=1,IF(RANDBETWEEN(1,6)=6,1,0),0)+ IF(RANDBETWEEN(1,6)<$B$5, IF($B$13=1,IF(RANDBETWEEN(1,6)<$B$5,0,1),0), IF(RANDBETWEEN(1,6)>=($B$6-$B$7+$B$15),0, IF($B$8>0,IF(RANDBETWEEN(1,6)>=$B$8,0, IF($B$9=1,$B$10,IF($B$9=2,RANDBETWEEN(1,3),RANDBETWEEN(1,6)))), IF($B$9=1,$B$10,IF($B$9=2,RANDBETWEEN(1,3),RANDBETWEEN(1,6)))))))) -> 0 | M128: =IF(11>$B$3,0, IF(RANDBETWEEN(1,6)+$B$14<$B$4, IF($B$12=1,IF(RANDBETWEEN(1,6)+$B$14<$B$4,0,1),0), IF($B$11=1,IF(RANDBETWEEN(1,6)=6,1,0),0)+ IF(RANDBETWEEN(1,6)<$B$5, IF($B$13=1,IF(RANDBETWEEN(1,6)<$B$5,0,1),0), IF(RANDBETWEEN(1,6)>=($B$6-$B$7+$B$15),0, IF($B$8>0,IF(RANDBETWEEN(1,6)>=$B$8,0, IF($B$9=1,$B$10,IF($B$9=2,RANDBETWEEN(1,3),RANDBETWEEN(1,6)))), IF($B$9=1,$B$10,IF($B$9=2,RANDBETWEEN(1,3),RANDBETWEEN(1,6)))))))) -> 0 | N128: =IF(12>$B$3,0, IF(RANDBETWEEN(1,6)+$B$14<$B$4, IF($B$12=1,IF(RANDBETWEEN(1,6)+$B$14<$B$4,0,1),0), IF($B$11=1,IF(RANDBETWEEN(1,6)=6,1,0),0)+ IF(RANDBETWEEN(1,6)<$B$5, IF($B$13=1,IF(RANDBETWEEN(1,6)<$B$5,0,1),0), IF(RANDBETWEEN(1,6)>=($B$6-$B$7+$B$15),0, IF($B$8>0,IF(RANDBETWEEN(1,6)>=$B$8,0, IF($B$9=1,$B$10,IF($B$9=2,RANDBETWEEN(1,3),RANDBETWEEN(1,6)))), IF($B$9=1,$B$10,IF($B$9=2,RANDBETWEEN(1,3),RANDBETWEEN(1,6)))))))) -> 3 | O128: =IF(13>$B$3,0, IF(RANDBETWEEN(1,6)+$B$14<$B$4, IF($B$12=1,IF(RANDBETWEEN(1,6)+$B$14<$B$4,0,1),0), IF($B$11=1,IF(RANDBETWEEN(1,6)=6,1,0),0)+ IF(RANDBETWEEN(1,6)<$B$5, IF($B$13=1,IF(RANDBETWEEN(1,6)<$B$5,0,1),0), IF(RANDBETWEEN(1,6)>=($B$6-$B$7+$B$15),0, IF($B$8>0,IF(RANDBETWEEN(1,6)>=$B$8,0, IF($B$9=1,$B$10,IF($B$9=2,RANDBETWEEN(1,3),RANDBETWEEN(1,6)))), IF($B$9=1,$B$10,IF($B$9=2,RANDBETWEEN(1,3),RANDBETWEEN(1,6)))))))) -> 0 | P128: =IF(14>$B$3,0, IF(RANDBETWEEN(1,6)+$B$14<$B$4, IF($B$12=1,IF(RANDBETWEEN(1,6)+$B$14<$B$4,0,1),0), IF($B$11=1,IF(RANDBETWEEN(1,6)=6,1,0),0)+ IF(RANDBETWEEN(1,6)<$B$5, IF($B$13=1,IF(RANDBETWEEN(1,6)<$B$5,0,1),0), IF(RANDBETWEEN(1,6)>=($B$6-$B$7+$B$15),0, IF($B$8>0,IF(RANDBETWEEN(1,6)>=$B$8,0, IF($B$9=1,$B$10,IF($B$9=2,RANDBETWEEN(1,3),RANDBETWEEN(1,6)))), IF($B$9=1,$B$10,IF($B$9=2,RANDBETWEEN(1,3),RANDBETWEEN(1,6)))))))) -> 0 | Q128: =IF(15>$B$3,0, IF(RANDBETWEEN(1,6)+$B$14<$B$4, IF($B$12=1,IF(RANDBETWEEN(1,6)+$B$14<$B$4,0,1),0), IF($B$11=1,IF(RANDBETWEEN(1,6)=6,1,0),0)+ IF(RANDBETWEEN(1,6)<$B$5, IF($B$13=1,IF(RANDBETWEEN(1,6)<$B$5,0,1),0), IF(RANDBETWEEN(1,6)>=($B$6-$B$7+$B$15),0, IF($B$8>0,IF(RANDBETWEEN(1,6)>=$B$8,0, IF($B$9=1,$B$10,IF($B$9=2,RANDBETWEEN(1,3),RANDBETWEEN(1,6)))), IF($B$9=1,$B$10,IF($B$9=2,RANDBETWEEN(1,3),RANDBETWEEN(1,6)))))))) -> 0 | R128: =IF(16>$B$3,0, IF(RANDBETWEEN(1,6)+$B$14<$B$4, IF($B$12=1,IF(RANDBETWEEN(1,6)+$B$14<$B$4,0,1),0), IF($B$11=1,IF(RANDBETWEEN(1,6)=6,1,0),0)+ IF(RANDBETWEEN(1,6)<$B$5, IF($B$13=1,IF(RANDBETWEEN(1,6)<$B$5,0,1),0), IF(RANDBETWEEN(1,6)>=($B$6-$B$7+$B$15),0, IF($B$8>0,IF(RANDBETWEEN(1,6)>=$B$8,0, IF($B$9=1,$B$10,IF($B$9=2,RANDBETWEEN(1,3),RANDBETWEEN(1,6)))), IF($B$9=1,$B$10,IF($B$9=2,RANDBETWEEN(1,3),RANDBETWEEN(1,6)))))))) -> 0 | S128: =IF(17>$B$3,0, IF(RANDBETWEEN(1,6)+$B$14<$B$4, IF($B$12=1,IF(RANDBETWEEN(1,6)+$B$14<$B$4,0,1),0), IF($B$11=1,IF(RANDBETWEEN(1,6)=6,1,0),0)+ IF(RANDBETWEEN(1,6)<$B$5, IF($B$13=1,IF(RANDBETWEEN(1,6)<$B$5,0,1),0), IF(RANDBETWEEN(1,6)>=($B$6-$B$7+$B$15),0, IF($B$8>0,IF(RANDBETWEEN(1,6)>=$B$8,0, IF($B$9=1,$B$10,IF($B$9=2,RANDBETWEEN(1,3),RANDBETWEEN(1,6)))), IF($B$9=1,$B$10,IF($B$9=2,RANDBETWEEN(1,3),RANDBETWEEN(1,6)))))))) -> 0 | T128: =IF(18>$B$3,0, IF(RANDBETWEEN(1,6)+$B$14<$B$4, IF($B$12=1,IF(RANDBETWEEN(1,6)+$B$14<$B$4,0,1),0), IF($B$11=1,IF(RANDBETWEEN(1,6)=6,1,0),0)+ IF(RANDBETWEEN(1,6)<$B$5, IF($B$13=1,IF(RANDBETWEEN(1,6)<$B$5,0,1),0), IF(RANDBETWEEN(1,6)>=($B$6-$B$7+$B$15),0, IF($B$8>0,IF(RANDBETWEEN(1,6)>=$B$8,0, IF($B$9=1,$B$10,IF($B$9=2,RANDBETWEEN(1,3),RANDBETWEEN(1,6)))), IF($B$9=1,$B$10,IF($B$9=2,RANDBETWEEN(1,3),RANDBETWEEN(1,6)))))))) -> 0 | U128: =IF(19>$B$3,0, IF(RANDBETWEEN(1,6)+$B$14<$B$4, IF($B$12=1,IF(RANDBETWEEN(1,6)+$B$14<$B$4,0,1),0), IF($B$11=1,IF(RANDBETWEEN(1,6)=6,1,0),0)+ IF(RANDBETWEEN(1,6)<$B$5, IF($B$13=1,IF(RANDBETWEEN(1,6)<$B$5,0,1),0), IF(RANDBETWEEN(1,6)>=($B$6-$B$7+$B$15),0, IF($B$8>0,IF(RANDBETWEEN(1,6)>=$B$8,0, IF($B$9=1,$B$10,IF($B$9=2,RANDBETWEEN(1,3),RANDBETWEEN(1,6)))), IF($B$9=1,$B$10,IF($B$9=2,RANDBETWEEN(1,3),RANDBETWEEN(1,6)))))))) -> 0 | V128: =IF(20>$B$3,0, IF(RANDBETWEEN(1,6)+$B$14<$B$4, IF($B$12=1,IF(RANDBETWEEN(1,6)+$B$14<$B$4,0,1),0), IF($B$11=1,IF(RANDBETWEEN(1,6)=6,1,0),0)+ IF(RANDBETWEEN(1,6)<$B$5, IF($B$13=1,IF(RANDBETWEEN(1,6)<$B$5,0,1),0), IF(RANDBETWEEN(1,6)>=($B$6-$B$7+$B$15),0, IF($B$8>0,IF(RANDBETWEEN(1,6)>=$B$8,0, IF($B$9=1,$B$10,IF($B$9=2,RANDBETWEEN(1,3),RANDBETWEEN(1,6)))), IF($B$9=1,$B$10,IF($B$9=2,RANDBETWEEN(1,3),RANDBETWEEN(1,6)))))))) -> 0 | W128: =IF(21>$B$3,0, IF(RANDBETWEEN(1,6)+$B$14<$B$4, IF($B$12=1,IF(RANDBETWEEN(1,6)+$B$14<$B$4,0,1),0), IF($B$11=1,IF(RANDBETWEEN(1,6)=6,1,0),0)+ IF(RANDBETWEEN(1,6)<$B$5, IF($B$13=1,IF(RANDBETWEEN(1,6)<$B$5,0,1),0), IF(RANDBETWEEN(1,6)>=($B$6-$B$7+$B$15),0, IF($B$8>0,IF(RANDBETWEEN(1,6)>=$B$8,0, IF($B$9=1,$B$10,IF($B$9=2,RANDBETWEEN(1,3),RANDBETWEEN(1,6)))), IF($B$9=1,$B$10,IF($B$9=2,RANDBETWEEN(1,3),RANDBETWEEN(1,6)))))))) -> 0 | X128: =IF(22>$B$3,0, IF(RANDBETWEEN(1,6)+$B$14<$B$4, IF($B$12=1,IF(RANDBETWEEN(1,6)+$B$14<$B$4,0,1),0), IF($B$11=1,IF(RANDBETWEEN(1,6)=6,1,0),0)+ IF(RANDBETWEEN(1,6)<$B$5, IF($B$13=1,IF(RANDBETWEEN(1,6)<$B$5,0,1),0), IF(RANDBETWEEN(1,6)>=($B$6-$B$7+$B$15),0, IF($B$8>0,IF(RANDBETWEEN(1,6)>=$B$8,0, IF($B$9=1,$B$10,IF($B$9=2,RANDBETWEEN(1,3),RANDBETWEEN(1,6)))), IF($B$9=1,$B$10,IF($B$9=2,RANDBETWEEN(1,3),RANDBETWEEN(1,6)))))))) -> 0 | Y128: =IF(23>$B$3,0, IF(RANDBETWEEN(1,6)+$B$14<$B$4, IF($B$12=1,IF(RANDBETWEEN(1,6)+$B$14<$B$4,0,1),0), IF($B$11=1,IF(RANDBETWEEN(1,6)=6,1,0),0)+ IF(RANDBETWEEN(1,6)<$B$5, IF($B$13=1,IF(RANDBETWEEN(1,6)<$B$5,0,1),0), IF(RANDBETWEEN(1,6)>=($B$6-$B$7+$B$15),0, IF($B$8>0,IF(RANDBETWEEN(1,6)>=$B$8,0, IF($B$9=1,$B$10,IF($B$9=2,RANDBETWEEN(1,3),RANDBETWEEN(1,6)))), IF($B$9=1,$B$10,IF($B$9=2,RANDBETWEEN(1,3),RANDBETWEEN(1,6)))))))) -> 0 | Z128: =IF(24>$B$3,0, IF(RANDBETWEEN(1,6)+$B$14<$B$4, IF($B$12=1,IF(RANDBETWEEN(1,6)+$B$14<$B$4,0,1),0), IF($B$11=1,IF(RANDBETWEEN(1,6)=6,1,0),0)+ IF(RANDBETWEEN(1,6)<$B$5, IF($B$13=1,IF(RANDBETWEEN(1,6)<$B$5,0,1),0), IF(RANDBETWEEN(1,6)>=($B$6-$B$7+$B$15),0, IF($B$8>0,IF(RANDBETWEEN(1,6)>=$B$8,0, IF($B$9=1,$B$10,IF($B$9=2,RANDBETWEEN(1,3),RANDBETWEEN(1,6)))), IF($B$9=1,$B$10,IF($B$9=2,RANDBETWEEN(1,3),RANDBETWEEN(1,6)))))))) -> 0 | AA128: =IF(25>$B$3,0, IF(RANDBETWEEN(1,6)+$B$14<$B$4, IF($B$12=1,IF(RANDBETWEEN(1,6)+$B$14<$B$4,0,1),0), IF($B$11=1,IF(RANDBETWEEN(1,6)=6,1,0),0)+ IF(RANDBETWEEN(1,6)<$B$5, IF($B$13=1,IF(RANDBETWEEN(1,6)<$B$5,0,1),0), IF(RANDBETWEEN(1,6)>=($B$6-$B$7+$B$15),0, IF($B$8>0,IF(RANDBETWEEN(1,6)>=$B$8,0, IF($B$9=1,$B$10,IF($B$9=2,RANDBETWEEN(1,3),RANDBETWEEN(1,6)))), IF($B$9=1,$B$10,IF($B$9=2,RANDBETWEEN(1,3),RANDBETWEEN(1,6)))))))) -> 0 | AB128: =IF(26>$B$3,0, IF(RANDBETWEEN(1,6)+$B$14<$B$4, IF($B$12=1,IF(RANDBETWEEN(1,6)+$B$14<$B$4,0,1),0), IF($B$11=1,IF(RANDBETWEEN(1,6)=6,1,0),0)+ IF(RANDBETWEEN(1,6)<$B$5, IF($B$13=1,IF(RANDBETWEEN(1,6)<$B$5,0,1),0), IF(RANDBETWEEN(1,6)>=($B$6-$B$7+$B$15),0, IF($B$8>0,IF(RANDBETWEEN(1,6)>=$B$8,0, IF($B$9=1,$B$10,IF($B$9=2,RANDBETWEEN(1,3),RANDBETWEEN(1,6)))), IF($B$9=1,$B$10,IF($B$9=2,RANDBETWEEN(1,3),RANDBETWEEN(1,6)))))))) -> 0 | AC128: =IF(27>$B$3,0, IF(RANDBETWEEN(1,6)+$B$14<$B$4, IF($B$12=1,IF(RANDBETWEEN(1,6)+$B$14<$B$4,0,1),0), IF($B$11=1,IF(RANDBETWEEN(1,6)=6,1,0),0)+ IF(RANDBETWEEN(1,6)<$B$5, IF($B$13=1,IF(RANDBETWEEN(1,6)<$B$5,0,1),0), IF(RANDBETWEEN(1,6)>=($B$6-$B$7+$B$15),0, IF($B$8>0,IF(RANDBETWEEN(1,6)>=$B$8,0, IF($B$9=1,$B$10,IF($B$9=2,RANDBETWEEN(1,3),RANDBETWEEN(1,6)))), IF($B$9=1,$B$10,IF($B$9=2,RANDBETWEEN(1,3),RANDBETWEEN(1,6)))))))) -> 0 | AD128: =IF(28>$B$3,0, IF(RANDBETWEEN(1,6)+$B$14<$B$4, IF($B$12=1,IF(RANDBETWEEN(1,6)+$B$14<$B$4,0,1),0), IF($B$11=1,IF(RANDBETWEEN(1,6)=6,1,0),0)+ IF(RANDBETWEEN(1,6)<$B$5, IF($B$13=1,IF(RANDBETWEEN(1,6)<$B$5,0,1),0), IF(RANDBETWEEN(1,6)>=($B$6-$B$7+$B$15),0, IF($B$8>0,IF(RANDBETWEEN(1,6)>=$B$8,0, IF($B$9=1,$B$10,IF($B$9=2,RANDBETWEEN(1,3),RANDBETWEEN(1,6)))), IF($B$9=1,$B$10,IF($B$9=2,RANDBETWEEN(1,3),RANDBETWEEN(1,6)))))))) -> 0 | AE128: =IF(29>$B$3,0, IF(RANDBETWEEN(1,6)+$B$14<$B$4, IF($B$12=1,IF(RANDBETWEEN(1,6)+$B$14<$B$4,0,1),0), IF($B$11=1,IF(RANDBETWEEN(1,6)=6,1,0),0)+ IF(RANDBETWEEN(1,6)<$B$5, IF($B$13=1,IF(RANDBETWEEN(1,6)<$B$5,0,1),0), IF(RANDBETWEEN(1,6)>=($B$6-$B$7+$B$15),0, IF($B$8>0,IF(RANDBETWEEN(1,6)>=$B$8,0, IF($B$9=1,$B$10,IF($B$9=2,RANDBETWEEN(1,3),RANDBETWEEN(1,6)))), IF($B$9=1,$B$10,IF($B$9=2,RANDBETWEEN(1,3),RANDBETWEEN(1,6)))))))) -> 0 | AF128: =IF(30>$B$3,0, IF(RANDBETWEEN(1,6)+$B$14<$B$4, IF($B$12=1,IF(RANDBETWEEN(1,6)+$B$14<$B$4,0,1),0), IF($B$11=1,IF(RANDBETWEEN(1,6)=6,1,0),0)+ IF(RANDBETWEEN(1,6)<$B$5, IF($B$13=1,IF(RANDBETWEEN(1,6)<$B$5,0,1),0), IF(RANDBETWEEN(1,6)>=($B$6-$B$7+$B$15),0, IF($B$8>0,IF(RANDBETWEEN(1,6)>=$B$8,0, IF($B$9=1,$B$10,IF($B$9=2,RANDBETWEEN(1,3),RANDBETWEEN(1,6)))), IF($B$9=1,$B$10,IF($B$9=2,RANDBETWEEN(1,3),RANDBETWEEN(1,6)))))))) -> 0
A129: 10 | B129: =SUM(C129:AF129) -> 6 | C129: =IF(1>$B$3,0, IF(RANDBETWEEN(1,6)+$B$14<$B$4, IF($B$12=1,IF(RANDBETWEEN(1,6)+$B$14<$B$4,0,1),0), IF($B$11=1,IF(RANDBETWEEN(1,6)=6,1,0),0)+ IF(RANDBETWEEN(1,6)<$B$5, IF($B$13=1,IF(RANDBETWEEN(1,6)<$B$5,0,1),0), IF(RANDBETWEEN(1,6)>=($B$6-$B$7+$B$15),0, IF($B$8>0,IF(RANDBETWEEN(1,6)>=$B$8,0, IF($B$9=1,$B$10,IF($B$9=2,RANDBETWEEN(1,3),RANDBETWEEN(1,6)))), IF($B$9=1,$B$10,IF($B$9=2,RANDBETWEEN(1,3),RANDBETWEEN(1,6)))))))) -> 0 | D129: =IF(2>$B$3,0, IF(RANDBETWEEN(1,6)+$B$14<$B$4, IF($B$12=1,IF(RANDBETWEEN(1,6)+$B$14<$B$4,0,1),0), IF($B$11=1,IF(RANDBETWEEN(1,6)=6,1,0),0)+ IF(RANDBETWEEN(1,6)<$B$5, IF($B$13=1,IF(RANDBETWEEN(1,6)<$B$5,0,1),0), IF(RANDBETWEEN(1,6)>=($B$6-$B$7+$B$15),0, IF($B$8>0,IF(RANDBETWEEN(1,6)>=$B$8,0, IF($B$9=1,$B$10,IF($B$9=2,RANDBETWEEN(1,3),RANDBETWEEN(1,6)))), IF($B$9=1,$B$10,IF($B$9=2,RANDBETWEEN(1,3),RANDBETWEEN(1,6)))))))) -> 0 | E129: =IF(3>$B$3,0, IF(RANDBETWEEN(1,6)+$B$14<$B$4, IF($B$12=1,IF(RANDBETWEEN(1,6)+$B$14<$B$4,0,1),0), IF($B$11=1,IF(RANDBETWEEN(1,6)=6,1,0),0)+ IF(RANDBETWEEN(1,6)<$B$5, IF($B$13=1,IF(RANDBETWEEN(1,6)<$B$5,0,1),0), IF(RANDBETWEEN(1,6)>=($B$6-$B$7+$B$15),0, IF($B$8>0,IF(RANDBETWEEN(1,6)>=$B$8,0, IF($B$9=1,$B$10,IF($B$9=2,RANDBETWEEN(1,3),RANDBETWEEN(1,6)))), IF($B$9=1,$B$10,IF($B$9=2,RANDBETWEEN(1,3),RANDBETWEEN(1,6)))))))) -> 0 | F129: =IF(4>$B$3,0, IF(RANDBETWEEN(1,6)+$B$14<$B$4, IF($B$12=1,IF(RANDBETWEEN(1,6)+$B$14<$B$4,0,1),0), IF($B$11=1,IF(RANDBETWEEN(1,6)=6,1,0),0)+ IF(RANDBETWEEN(1,6)<$B$5, IF($B$13=1,IF(RANDBETWEEN(1,6)<$B$5,0,1),0), IF(RANDBETWEEN(1,6)>=($B$6-$B$7+$B$15),0, IF($B$8>0,IF(RANDBETWEEN(1,6)>=$B$8,0, IF($B$9=1,$B$10,IF($B$9=2,RANDBETWEEN(1,3),RANDBETWEEN(1,6)))), IF($B$9=1,$B$10,IF($B$9=2,RANDBETWEEN(1,3),RANDBETWEEN(1,6)))))))) -> 0 | G129: =IF(5>$B$3,0, IF(RANDBETWEEN(1,6)+$B$14<$B$4, IF($B$12=1,IF(RANDBETWEEN(1,6)+$B$14<$B$4,0,1),0), IF($B$11=1,IF(RANDBETWEEN(1,6)=6,1,0),0)+ IF(RANDBETWEEN(1,6)<$B$5, IF($B$13=1,IF(RANDBETWEEN(1,6)<$B$5,0,1),0), IF(RANDBETWEEN(1,6)>=($B$6-$B$7+$B$15),0, IF($B$8>0,IF(RANDBETWEEN(1,6)>=$B$8,0, IF($B$9=1,$B$10,IF($B$9=2,RANDBETWEEN(1,3),RANDBETWEEN(1,6)))), IF($B$9=1,$B$10,IF($B$9=2,RANDBETWEEN(1,3),RANDBETWEEN(1,6)))))))) -> 0 | H129: =IF(6>$B$3,0, IF(RANDBETWEEN(1,6)+$B$14<$B$4, IF($B$12=1,IF(RANDBETWEEN(1,6)+$B$14<$B$4,0,1),0), IF($B$11=1,IF(RANDBETWEEN(1,6)=6,1,0),0)+ IF(RANDBETWEEN(1,6)<$B$5, IF($B$13=1,IF(RANDBETWEEN(1,6)<$B$5,0,1),0), IF(RANDBETWEEN(1,6)>=($B$6-$B$7+$B$15),0, IF($B$8>0,IF(RANDBETWEEN(1,6)>=$B$8,0, IF($B$9=1,$B$10,IF($B$9=2,RANDBETWEEN(1,3),RANDBETWEEN(1,6)))), IF($B$9=1,$B$10,IF($B$9=2,RANDBETWEEN(1,3),RANDBETWEEN(1,6)))))))) -> 3 | I129: =IF(7>$B$3,0, IF(RANDBETWEEN(1,6)+$B$14<$B$4, IF($B$12=1,IF(RANDBETWEEN(1,6)+$B$14<$B$4,0,1),0), IF($B$11=1,IF(RANDBETWEEN(1,6)=6,1,0),0)+ IF(RANDBETWEEN(1,6)<$B$5, IF($B$13=1,IF(RANDBETWEEN(1,6)<$B$5,0,1),0), IF(RANDBETWEEN(1,6)>=($B$6-$B$7+$B$15),0, IF($B$8>0,IF(RANDBETWEEN(1,6)>=$B$8,0, IF($B$9=1,$B$10,IF($B$9=2,RANDBETWEEN(1,3),RANDBETWEEN(1,6)))), IF($B$9=1,$B$10,IF($B$9=2,RANDBETWEEN(1,3),RANDBETWEEN(1,6)))))))) -> 0 | J129: =IF(8>$B$3,0, IF(RANDBETWEEN(1,6)+$B$14<$B$4, IF($B$12=1,IF(RANDBETWEEN(1,6)+$B$14<$B$4,0,1),0), IF($B$11=1,IF(RANDBETWEEN(1,6)=6,1,0),0)+ IF(RANDBETWEEN(1,6)<$B$5, IF($B$13=1,IF(RANDBETWEEN(1,6)<$B$5,0,1),0), IF(RANDBETWEEN(1,6)>=($B$6-$B$7+$B$15),0, IF($B$8>0,IF(RANDBETWEEN(1,6)>=$B$8,0, IF($B$9=1,$B$10,IF($B$9=2,RANDBETWEEN(1,3),RANDBETWEEN(1,6)))), IF($B$9=1,$B$10,IF($B$9=2,RANDBETWEEN(1,3),RANDBETWEEN(1,6)))))))) -> 3 | K129: =IF(9>$B$3,0, IF(RANDBETWEEN(1,6)+$B$14<$B$4, IF($B$12=1,IF(RANDBETWEEN(1,6)+$B$14<$B$4,0,1),0), IF($B$11=1,IF(RANDBETWEEN(1,6)=6,1,0),0)+ IF(RANDBETWEEN(1,6)<$B$5, IF($B$13=1,IF(RANDBETWEEN(1,6)<$B$5,0,1),0), IF(RANDBETWEEN(1,6)>=($B$6-$B$7+$B$15),0, IF($B$8>0,IF(RANDBETWEEN(1,6)>=$B$8,0, IF($B$9=1,$B$10,IF($B$9=2,RANDBETWEEN(1,3),RANDBETWEEN(1,6)))), IF($B$9=1,$B$10,IF($B$9=2,RANDBETWEEN(1,3),RANDBETWEEN(1,6)))))))) -> 0 | L129: =IF(10>$B$3,0, IF(RANDBETWEEN(1,6)+$B$14<$B$4, IF($B$12=1,IF(RANDBETWEEN(1,6)+$B$14<$B$4,0,1),0), IF($B$11=1,IF(RANDBETWEEN(1,6)=6,1,0),0)+ IF(RANDBETWEEN(1,6)<$B$5, IF($B$13=1,IF(RANDBETWEEN(1,6)<$B$5,0,1),0), IF(RANDBETWEEN(1,6)>=($B$6-$B$7+$B$15),0, IF($B$8>0,IF(RANDBETWEEN(1,6)>=$B$8,0, IF($B$9=1,$B$10,IF($B$9=2,RANDBETWEEN(1,3),RANDBETWEEN(1,6)))), IF($B$9=1,$B$10,IF($B$9=2,RANDBETWEEN(1,3),RANDBETWEEN(1,6)))))))) -> 0 | M129: =IF(11>$B$3,0, IF(RANDBETWEEN(1,6)+$B$14<$B$4, IF($B$12=1,IF(RANDBETWEEN(1,6)+$B$14<$B$4,0,1),0), IF($B$11=1,IF(RANDBETWEEN(1,6)=6,1,0),0)+ IF(RANDBETWEEN(1,6)<$B$5, IF($B$13=1,IF(RANDBETWEEN(1,6)<$B$5,0,1),0), IF(RANDBETWEEN(1,6)>=($B$6-$B$7+$B$15),0, IF($B$8>0,IF(RANDBETWEEN(1,6)>=$B$8,0, IF($B$9=1,$B$10,IF($B$9=2,RANDBETWEEN(1,3),RANDBETWEEN(1,6)))), IF($B$9=1,$B$10,IF($B$9=2,RANDBETWEEN(1,3),RANDBETWEEN(1,6)))))))) -> 0 | N129: =IF(12>$B$3,0, IF(RANDBETWEEN(1,6)+$B$14<$B$4, IF($B$12=1,IF(RANDBETWEEN(1,6)+$B$14<$B$4,0,1),0), IF($B$11=1,IF(RANDBETWEEN(1,6)=6,1,0),0)+ IF(RANDBETWEEN(1,6)<$B$5, IF($B$13=1,IF(RANDBETWEEN(1,6)<$B$5,0,1),0), IF(RANDBETWEEN(1,6)>=($B$6-$B$7+$B$15),0, IF($B$8>0,IF(RANDBETWEEN(1,6)>=$B$8,0, IF($B$9=1,$B$10,IF($B$9=2,RANDBETWEEN(1,3),RANDBETWEEN(1,6)))), IF($B$9=1,$B$10,IF($B$9=2,RANDBETWEEN(1,3),RANDBETWEEN(1,6)))))))) -> 0 | O129: =IF(13>$B$3,0, IF(RANDBETWEEN(1,6)+$B$14<$B$4, IF($B$12=1,IF(RANDBETWEEN(1,6)+$B$14<$B$4,0,1),0), IF($B$11=1,IF(RANDBETWEEN(1,6)=6,1,0),0)+ IF(RANDBETWEEN(1,6)<$B$5, IF($B$13=1,IF(RANDBETWEEN(1,6)<$B$5,0,1),0), IF(RANDBETWEEN(1,6)>=($B$6-$B$7+$B$15),0, IF($B$8>0,IF(RANDBETWEEN(1,6)>=$B$8,0, IF($B$9=1,$B$10,IF($B$9=2,RANDBETWEEN(1,3),RANDBETWEEN(1,6)))), IF($B$9=1,$B$10,IF($B$9=2,RANDBETWEEN(1,3),RANDBETWEEN(1,6)))))))) -> 0 | P129: =IF(14>$B$3,0, IF(RANDBETWEEN(1,6)+$B$14<$B$4, IF($B$12=1,IF(RANDBETWEEN(1,6)+$B$14<$B$4,0,1),0), IF($B$11=1,IF(RANDBETWEEN(1,6)=6,1,0),0)+ IF(RANDBETWEEN(1,6)<$B$5, IF($B$13=1,IF(RANDBETWEEN(1,6)<$B$5,0,1),0), IF(RANDBETWEEN(1,6)>=($B$6-$B$7+$B$15),0, IF($B$8>0,IF(RANDBETWEEN(1,6)>=$B$8,0, IF($B$9=1,$B$10,IF($B$9=2,RANDBETWEEN(1,3),RANDBETWEEN(1,6)))), IF($B$9=1,$B$10,IF($B$9=2,RANDBETWEEN(1,3),RANDBETWEEN(1,6)))))))) -> 0 | Q129: =IF(15>$B$3,0, IF(RANDBETWEEN(1,6)+$B$14<$B$4, IF($B$12=1,IF(RANDBETWEEN(1,6)+$B$14<$B$4,0,1),0), IF($B$11=1,IF(RANDBETWEEN(1,6)=6,1,0),0)+ IF(RANDBETWEEN(1,6)<$B$5, IF($B$13=1,IF(RANDBETWEEN(1,6)<$B$5,0,1),0), IF(RANDBETWEEN(1,6)>=($B$6-$B$7+$B$15),0, IF($B$8>0,IF(RANDBETWEEN(1,6)>=$B$8,0, IF($B$9=1,$B$10,IF($B$9=2,RANDBETWEEN(1,3),RANDBETWEEN(1,6)))), IF($B$9=1,$B$10,IF($B$9=2,RANDBETWEEN(1,3),RANDBETWEEN(1,6)))))))) -> 0 | R129: =IF(16>$B$3,0, IF(RANDBETWEEN(1,6)+$B$14<$B$4, IF($B$12=1,IF(RANDBETWEEN(1,6)+$B$14<$B$4,0,1),0), IF($B$11=1,IF(RANDBETWEEN(1,6)=6,1,0),0)+ IF(RANDBETWEEN(1,6)<$B$5, IF($B$13=1,IF(RANDBETWEEN(1,6)<$B$5,0,1),0), IF(RANDBETWEEN(1,6)>=($B$6-$B$7+$B$15),0, IF($B$8>0,IF(RANDBETWEEN(1,6)>=$B$8,0, IF($B$9=1,$B$10,IF($B$9=2,RANDBETWEEN(1,3),RANDBETWEEN(1,6)))), IF($B$9=1,$B$10,IF($B$9=2,RANDBETWEEN(1,3),RANDBETWEEN(1,6)))))))) -> 0 | S129: =IF(17>$B$3,0, IF(RANDBETWEEN(1,6)+$B$14<$B$4, IF($B$12=1,IF(RANDBETWEEN(1,6)+$B$14<$B$4,0,1),0), IF($B$11=1,IF(RANDBETWEEN(1,6)=6,1,0),0)+ IF(RANDBETWEEN(1,6)<$B$5, IF($B$13=1,IF(RANDBETWEEN(1,6)<$B$5,0,1),0), IF(RANDBETWEEN(1,6)>=($B$6-$B$7+$B$15),0, IF($B$8>0,IF(RANDBETWEEN(1,6)>=$B$8,0, IF($B$9=1,$B$10,IF($B$9=2,RANDBETWEEN(1,3),RANDBETWEEN(1,6)))), IF($B$9=1,$B$10,IF($B$9=2,RANDBETWEEN(1,3),RANDBETWEEN(1,6)))))))) -> 0 | T129: =IF(18>$B$3,0, IF(RANDBETWEEN(1,6)+$B$14<$B$4, IF($B$12=1,IF(RANDBETWEEN(1,6)+$B$14<$B$4,0,1),0), IF($B$11=1,IF(RANDBETWEEN(1,6)=6,1,0),0)+ IF(RANDBETWEEN(1,6)<$B$5, IF($B$13=1,IF(RANDBETWEEN(1,6)<$B$5,0,1),0), IF(RANDBETWEEN(1,6)>=($B$6-$B$7+$B$15),0, IF($B$8>0,IF(RANDBETWEEN(1,6)>=$B$8,0, IF($B$9=1,$B$10,IF($B$9=2,RANDBETWEEN(1,3),RANDBETWEEN(1,6)))), IF($B$9=1,$B$10,IF($B$9=2,RANDBETWEEN(1,3),RANDBETWEEN(1,6)))))))) -> 0 | U129: =IF(19>$B$3,0, IF(RANDBETWEEN(1,6)+$B$14<$B$4, IF($B$12=1,IF(RANDBETWEEN(1,6)+$B$14<$B$4,0,1),0), IF($B$11=1,IF(RANDBETWEEN(1,6)=6,1,0),0)+ IF(RANDBETWEEN(1,6)<$B$5, IF($B$13=1,IF(RANDBETWEEN(1,6)<$B$5,0,1),0), IF(RANDBETWEEN(1,6)>=($B$6-$B$7+$B$15),0, IF($B$8>0,IF(RANDBETWEEN(1,6)>=$B$8,0, IF($B$9=1,$B$10,IF($B$9=2,RANDBETWEEN(1,3),RANDBETWEEN(1,6)))), IF($B$9=1,$B$10,IF($B$9=2,RANDBETWEEN(1,3),RANDBETWEEN(1,6)))))))) -> 0 | V129: =IF(20>$B$3,0, IF(RANDBETWEEN(1,6)+$B$14<$B$4, IF($B$12=1,IF(RANDBETWEEN(1,6)+$B$14<$B$4,0,1),0), IF($B$11=1,IF(RANDBETWEEN(1,6)=6,1,0),0)+ IF(RANDBETWEEN(1,6)<$B$5, IF($B$13=1,IF(RANDBETWEEN(1,6)<$B$5,0,1),0), IF(RANDBETWEEN(1,6)>=($B$6-$B$7+$B$15),0, IF($B$8>0,IF(RANDBETWEEN(1,6)>=$B$8,0, IF($B$9=1,$B$10,IF($B$9=2,RANDBETWEEN(1,3),RANDBETWEEN(1,6)))), IF($B$9=1,$B$10,IF($B$9=2,RANDBETWEEN(1,3),RANDBETWEEN(1,6)))))))) -> 0 | W129: =IF(21>$B$3,0, IF(RANDBETWEEN(1,6)+$B$14<$B$4, IF($B$12=1,IF(RANDBETWEEN(1,6)+$B$14<$B$4,0,1),0), IF($B$11=1,IF(RANDBETWEEN(1,6)=6,1,0),0)+ IF(RANDBETWEEN(1,6)<$B$5, IF($B$13=1,IF(RANDBETWEEN(1,6)<$B$5,0,1),0), IF(RANDBETWEEN(1,6)>=($B$6-$B$7+$B$15),0, IF($B$8>0,IF(RANDBETWEEN(1,6)>=$B$8,0, IF($B$9=1,$B$10,IF($B$9=2,RANDBETWEEN(1,3),RANDBETWEEN(1,6)))), IF($B$9=1,$B$10,IF($B$9=2,RANDBETWEEN(1,3),RANDBETWEEN(1,6)))))))) -> 0 | X129: =IF(22>$B$3,0, IF(RANDBETWEEN(1,6)+$B$14<$B$4, IF($B$12=1,IF(RANDBETWEEN(1,6)+$B$14<$B$4,0,1),0), IF($B$11=1,IF(RANDBETWEEN(1,6)=6,1,0),0)+ IF(RANDBETWEEN(1,6)<$B$5, IF($B$13=1,IF(RANDBETWEEN(1,6)<$B$5,0,1),0), IF(RANDBETWEEN(1,6)>=($B$6-$B$7+$B$15),0, IF($B$8>0,IF(RANDBETWEEN(1,6)>=$B$8,0, IF($B$9=1,$B$10,IF($B$9=2,RANDBETWEEN(1,3),RANDBETWEEN(1,6)))), IF($B$9=1,$B$10,IF($B$9=2,RANDBETWEEN(1,3),RANDBETWEEN(1,6)))))))) -> 0 | Y129: =IF(23>$B$3,0, IF(RANDBETWEEN(1,6)+$B$14<$B$4, IF($B$12=1,IF(RANDBETWEEN(1,6)+$B$14<$B$4,0,1),0), IF($B$11=1,IF(RANDBETWEEN(1,6)=6,1,0),0)+ IF(RANDBETWEEN(1,6)<$B$5, IF($B$13=1,IF(RANDBETWEEN(1,6)<$B$5,0,1),0), IF(RANDBETWEEN(1,6)>=($B$6-$B$7+$B$15),0, IF($B$8>0,IF(RANDBETWEEN(1,6)>=$B$8,0, IF($B$9=1,$B$10,IF($B$9=2,RANDBETWEEN(1,3),RANDBETWEEN(1,6)))), IF($B$9=1,$B$10,IF($B$9=2,RANDBETWEEN(1,3),RANDBETWEEN(1,6)))))))) -> 0 | Z129: =IF(24>$B$3,0, IF(RANDBETWEEN(1,6)+$B$14<$B$4, IF($B$12=1,IF(RANDBETWEEN(1,6)+$B$14<$B$4,0,1),0), IF($B$11=1,IF(RANDBETWEEN(1,6)=6,1,0),0)+ IF(RANDBETWEEN(1,6)<$B$5, IF($B$13=1,IF(RANDBETWEEN(1,6)<$B$5,0,1),0), IF(RANDBETWEEN(1,6)>=($B$6-$B$7+$B$15),0, IF($B$8>0,IF(RANDBETWEEN(1,6)>=$B$8,0, IF($B$9=1,$B$10,IF($B$9=2,RANDBETWEEN(1,3),RANDBETWEEN(1,6)))), IF($B$9=1,$B$10,IF($B$9=2,RANDBETWEEN(1,3),RANDBETWEEN(1,6)))))))) -> 0 | AA129: =IF(25>$B$3,0, IF(RANDBETWEEN(1,6)+$B$14<$B$4, IF($B$12=1,IF(RANDBETWEEN(1,6)+$B$14<$B$4,0,1),0), IF($B$11=1,IF(RANDBETWEEN(1,6)=6,1,0),0)+ IF(RANDBETWEEN(1,6)<$B$5, IF($B$13=1,IF(RANDBETWEEN(1,6)<$B$5,0,1),0), IF(RANDBETWEEN(1,6)>=($B$6-$B$7+$B$15),0, IF($B$8>0,IF(RANDBETWEEN(1,6)>=$B$8,0, IF($B$9=1,$B$10,IF($B$9=2,RANDBETWEEN(1,3),RANDBETWEEN(1,6)))), IF($B$9=1,$B$10,IF($B$9=2,RANDBETWEEN(1,3),RANDBETWEEN(1,6)))))))) -> 0 | AB129: =IF(26>$B$3,0, IF(RANDBETWEEN(1,6)+$B$14<$B$4, IF($B$12=1,IF(RANDBETWEEN(1,6)+$B$14<$B$4,0,1),0), IF($B$11=1,IF(RANDBETWEEN(1,6)=6,1,0),0)+ IF(RANDBETWEEN(1,6)<$B$5, IF($B$13=1,IF(RANDBETWEEN(1,6)<$B$5,0,1),0), IF(RANDBETWEEN(1,6)>=($B$6-$B$7+$B$15),0, IF($B$8>0,IF(RANDBETWEEN(1,6)>=$B$8,0, IF($B$9=1,$B$10,IF($B$9=2,RANDBETWEEN(1,3),RANDBETWEEN(1,6)))), IF($B$9=1,$B$10,IF($B$9=2,RANDBETWEEN(1,3),RANDBETWEEN(1,6)))))))) -> 0 | AC129: =IF(27>$B$3,0, IF(RANDBETWEEN(1,6)+$B$14<$B$4, IF($B$12=1,IF(RANDBETWEEN(1,6)+$B$14<$B$4,0,1),0), IF($B$11=1,IF(RANDBETWEEN(1,6)=6,1,0),0)+ IF(RANDBETWEEN(1,6)<$B$5, IF($B$13=1,IF(RANDBETWEEN(1,6)<$B$5,0,1),0), IF(RANDBETWEEN(1,6)>=($B$6-$B$7+$B$15),0, IF($B$8>0,IF(RANDBETWEEN(1,6)>=$B$8,0, IF($B$9=1,$B$10,IF($B$9=2,RANDBETWEEN(1,3),RANDBETWEEN(1,6)))), IF($B$9=1,$B$10,IF($B$9=2,RANDBETWEEN(1,3),RANDBETWEEN(1,6)))))))) -> 0 | AD129: =IF(28>$B$3,0, IF(RANDBETWEEN(1,6)+$B$14<$B$4, IF($B$12=1,IF(RANDBETWEEN(1,6)+$B$14<$B$4,0,1),0), IF($B$11=1,IF(RANDBETWEEN(1,6)=6,1,0),0)+ IF(RANDBETWEEN(1,6)<$B$5, IF($B$13=1,IF(RANDBETWEEN(1,6)<$B$5,0,1),0), IF(RANDBETWEEN(1,6)>=($B$6-$B$7+$B$15),0, IF($B$8>0,IF(RANDBETWEEN(1,6)>=$B$8,0, IF($B$9=1,$B$10,IF($B$9=2,RANDBETWEEN(1,3),RANDBETWEEN(1,6)))), IF($B$9=1,$B$10,IF($B$9=2,RANDBETWEEN(1,3),RANDBETWEEN(1,6)))))))) -> 0 | AE129: =IF(29>$B$3,0, IF(RANDBETWEEN(1,6)+$B$14<$B$4, IF($B$12=1,IF(RANDBETWEEN(1,6)+$B$14<$B$4,0,1),0), IF($B$11=1,IF(RANDBETWEEN(1,6)=6,1,0),0)+ IF(RANDBETWEEN(1,6)<$B$5, IF($B$13=1,IF(RANDBETWEEN(1,6)<$B$5,0,1),0), IF(RANDBETWEEN(1,6)>=($B$6-$B$7+$B$15),0, IF($B$8>0,IF(RANDBETWEEN(1,6)>=$B$8,0, IF($B$9=1,$B$10,IF($B$9=2,RANDBETWEEN(1,3),RANDBETWEEN(1,6)))), IF($B$9=1,$B$10,IF($B$9=2,RANDBETWEEN(1,3),RANDBETWEEN(1,6)))))))) -> 0 | AF129: =IF(30>$B$3,0, IF(RANDBETWEEN(1,6)+$B$14<$B$4, IF($B$12=1,IF(RANDBETWEEN(1,6)+$B$14<$B$4,0,1),0), IF($B$11=1,IF(RANDBETWEEN(1,6)=6,1,0),0)+ IF(RANDBETWEEN(1,6)<$B$5, IF($B$13=1,IF(RANDBETWEEN(1,6)<$B$5,0,1),0), IF(RANDBETWEEN(1,6)>=($B$6-$B$7+$B$15),0, IF($B$8>0,IF(RANDBETWEEN(1,6)>=$B$8,0, IF($B$9=1,$B$10,IF($B$9=2,RANDBETWEEN(1,3),RANDBETWEEN(1,6)))), IF($B$9=1,$B$10,IF($B$9=2,RANDBETWEEN(1,3),RANDBETWEEN(1,6)))))))) -> 0
A130: 11 | B130: =SUM(C130:AF130) -> 18 | C130: =IF(1>$B$3,0, IF(RANDBETWEEN(1,6)+$B$14<$B$4, IF($B$12=1,IF(RANDBETWEEN(1,6)+$B$14<$B$4,0,1),0), IF($B$11=1,IF(RANDBETWEEN(1,6)=6,1,0),0)+ IF(RANDBETWEEN(1,6)<$B$5, IF($B$13=1,IF(RANDBETWEEN(1,6)<$B$5,0,1),0), IF(RANDBETWEEN(1,6)>=($B$6-$B$7+$B$15),0, IF($B$8>0,IF(RANDBETWEEN(1,6)>=$B$8,0, IF($B$9=1,$B$10,IF($B$9=2,RANDBETWEEN(1,3),RANDBETWEEN(1,6)))), IF($B$9=1,$B$10,IF($B$9=2,RANDBETWEEN(1,3),RANDBETWEEN(1,6)))))))) -> 3 | D130: =IF(2>$B$3,0, IF(RANDBETWEEN(1,6)+$B$14<$B$4, IF($B$12=1,IF(RANDBETWEEN(1,6)+$B$14<$B$4,0,1),0), IF($B$11=1,IF(RANDBETWEEN(1,6)=6,1,0),0)+ IF(RANDBETWEEN(1,6)<$B$5, IF($B$13=1,IF(RANDBETWEEN(1,6)<$B$5,0,1),0), IF(RANDBETWEEN(1,6)>=($B$6-$B$7+$B$15),0, IF($B$8>0,IF(RANDBETWEEN(1,6)>=$B$8,0, IF($B$9=1,$B$10,IF($B$9=2,RANDBETWEEN(1,3),RANDBETWEEN(1,6)))), IF($B$9=1,$B$10,IF($B$9=2,RANDBETWEEN(1,3),RANDBETWEEN(1,6)))))))) -> 3 | E130: =IF(3>$B$3,0, IF(RANDBETWEEN(1,6)+$B$14<$B$4, IF($B$12=1,IF(RANDBETWEEN(1,6)+$B$14<$B$4,0,1),0), IF($B$11=1,IF(RANDBETWEEN(1,6)=6,1,0),0)+ IF(RANDBETWEEN(1,6)<$B$5, IF($B$13=1,IF(RANDBETWEEN(1,6)<$B$5,0,1),0), IF(RANDBETWEEN(1,6)>=($B$6-$B$7+$B$15),0, IF($B$8>0,IF(RANDBETWEEN(1,6)>=$B$8,0, IF($B$9=1,$B$10,IF($B$9=2,RANDBETWEEN(1,3),RANDBETWEEN(1,6)))), IF($B$9=1,$B$10,IF($B$9=2,RANDBETWEEN(1,3),RANDBETWEEN(1,6)))))))) -> 3 | F130: =IF(4>$B$3,0, IF(RANDBETWEEN(1,6)+$B$14<$B$4, IF($B$12=1,IF(RANDBETWEEN(1,6)+$B$14<$B$4,0,1),0), IF($B$11=1,IF(RANDBETWEEN(1,6)=6,1,0),0)+ IF(RANDBETWEEN(1,6)<$B$5, IF($B$13=1,IF(RANDBETWEEN(1,6)<$B$5,0,1),0), IF(RANDBETWEEN(1,6)>=($B$6-$B$7+$B$15),0, IF($B$8>0,IF(RANDBETWEEN(1,6)>=$B$8,0, IF($B$9=1,$B$10,IF($B$9=2,RANDBETWEEN(1,3),RANDBETWEEN(1,6)))), IF($B$9=1,$B$10,IF($B$9=2,RANDBETWEEN(1,3),RANDBETWEEN(1,6)))))))) -> 0 | G130: =IF(5>$B$3,0, IF(RANDBETWEEN(1,6)+$B$14<$B$4, IF($B$12=1,IF(RANDBETWEEN(1,6)+$B$14<$B$4,0,1),0), IF($B$11=1,IF(RANDBETWEEN(1,6)=6,1,0),0)+ IF(RANDBETWEEN(1,6)<$B$5, IF($B$13=1,IF(RANDBETWEEN(1,6)<$B$5,0,1),0), IF(RANDBETWEEN(1,6)>=($B$6-$B$7+$B$15),0, IF($B$8>0,IF(RANDBETWEEN(1,6)>=$B$8,0, IF($B$9=1,$B$10,IF($B$9=2,RANDBETWEEN(1,3),RANDBETWEEN(1,6)))), IF($B$9=1,$B$10,IF($B$9=2,RANDBETWEEN(1,3),RANDBETWEEN(1,6)))))))) -> 0 | H130: =IF(6>$B$3,0, IF(RANDBETWEEN(1,6)+$B$14<$B$4, IF($B$12=1,IF(RANDBETWEEN(1,6)+$B$14<$B$4,0,1),0), IF($B$11=1,IF(RANDBETWEEN(1,6)=6,1,0),0)+ IF(RANDBETWEEN(1,6)<$B$5, IF($B$13=1,IF(RANDBETWEEN(1,6)<$B$5,0,1),0), IF(RANDBETWEEN(1,6)>=($B$6-$B$7+$B$15),0, IF($B$8>0,IF(RANDBETWEEN(1,6)>=$B$8,0, IF($B$9=1,$B$10,IF($B$9=2,RANDBETWEEN(1,3),RANDBETWEEN(1,6)))), IF($B$9=1,$B$10,IF($B$9=2,RANDBETWEEN(1,3),RANDBETWEEN(1,6)))))))) -> 0 | I130: =IF(7>$B$3,0, IF(RANDBETWEEN(1,6)+$B$14<$B$4, IF($B$12=1,IF(RANDBETWEEN(1,6)+$B$14<$B$4,0,1),0), IF($B$11=1,IF(RANDBETWEEN(1,6)=6,1,0),0)+ IF(RANDBETWEEN(1,6)<$B$5, IF($B$13=1,IF(RANDBETWEEN(1,6)<$B$5,0,1),0), IF(RANDBETWEEN(1,6)>=($B$6-$B$7+$B$15),0, IF($B$8>0,IF(RANDBETWEEN(1,6)>=$B$8,0, IF($B$9=1,$B$10,IF($B$9=2,RANDBETWEEN(1,3),RANDBETWEEN(1,6)))), IF($B$9=1,$B$10,IF($B$9=2,RANDBETWEEN(1,3),RANDBETWEEN(1,6)))))))) -> 3 | J130: =IF(8>$B$3,0, IF(RANDBETWEEN(1,6)+$B$14<$B$4, IF($B$12=1,IF(RANDBETWEEN(1,6)+$B$14<$B$4,0,1),0), IF($B$11=1,IF(RANDBETWEEN(1,6)=6,1,0),0)+ IF(RANDBETWEEN(1,6)<$B$5, IF($B$13=1,IF(RANDBETWEEN(1,6)<$B$5,0,1),0), IF(RANDBETWEEN(1,6)>=($B$6-$B$7+$B$15),0, IF($B$8>0,IF(RANDBETWEEN(1,6)>=$B$8,0, IF($B$9=1,$B$10,IF($B$9=2,RANDBETWEEN(1,3),RANDBETWEEN(1,6)))), IF($B$9=1,$B$10,IF($B$9=2,RANDBETWEEN(1,3),RANDBETWEEN(1,6)))))))) -> 0 | K130: =IF(9>$B$3,0, IF(RANDBETWEEN(1,6)+$B$14<$B$4, IF($B$12=1,IF(RANDBETWEEN(1,6)+$B$14<$B$4,0,1),0), IF($B$11=1,IF(RANDBETWEEN(1,6)=6,1,0),0)+ IF(RANDBETWEEN(1,6)<$B$5, IF($B$13=1,IF(RANDBETWEEN(1,6)<$B$5,0,1),0), IF(RANDBETWEEN(1,6)>=($B$6-$B$7+$B$15),0, IF($B$8>0,IF(RANDBETWEEN(1,6)>=$B$8,0, IF($B$9=1,$B$10,IF($B$9=2,RANDBETWEEN(1,3),RANDBETWEEN(1,6)))), IF($B$9=1,$B$10,IF($B$9=2,RANDBETWEEN(1,3),RANDBETWEEN(1,6)))))))) -> 0 | L130: =IF(10>$B$3,0, IF(RANDBETWEEN(1,6)+$B$14<$B$4, IF($B$12=1,IF(RANDBETWEEN(1,6)+$B$14<$B$4,0,1),0), IF($B$11=1,IF(RANDBETWEEN(1,6)=6,1,0),0)+ IF(RANDBETWEEN(1,6)<$B$5, IF($B$13=1,IF(RANDBETWEEN(1,6)<$B$5,0,1),0), IF(RANDBETWEEN(1,6)>=($B$6-$B$7+$B$15),0, IF($B$8>0,IF(RANDBETWEEN(1,6)>=$B$8,0, IF($B$9=1,$B$10,IF($B$9=2,RANDBETWEEN(1,3),RANDBETWEEN(1,6)))), IF($B$9=1,$B$10,IF($B$9=2,RANDBETWEEN(1,3),RANDBETWEEN(1,6)))))))) -> 3 | M130: =IF(11>$B$3,0, IF(RANDBETWEEN(1,6)+$B$14<$B$4, IF($B$12=1,IF(RANDBETWEEN(1,6)+$B$14<$B$4,0,1),0), IF($B$11=1,IF(RANDBETWEEN(1,6)=6,1,0),0)+ IF(RANDBETWEEN(1,6)<$B$5, IF($B$13=1,IF(RANDBETWEEN(1,6)<$B$5,0,1),0), IF(RANDBETWEEN(1,6)>=($B$6-$B$7+$B$15),0, IF($B$8>0,IF(RANDBETWEEN(1,6)>=$B$8,0, IF($B$9=1,$B$10,IF($B$9=2,RANDBETWEEN(1,3),RANDBETWEEN(1,6)))), IF($B$9=1,$B$10,IF($B$9=2,RANDBETWEEN(1,3),RANDBETWEEN(1,6)))))))) -> 0 | N130: =IF(12>$B$3,0, IF(RANDBETWEEN(1,6)+$B$14<$B$4, IF($B$12=1,IF(RANDBETWEEN(1,6)+$B$14<$B$4,0,1),0), IF($B$11=1,IF(RANDBETWEEN(1,6)=6,1,0),0)+ IF(RANDBETWEEN(1,6)<$B$5, IF($B$13=1,IF(RANDBETWEEN(1,6)<$B$5,0,1),0), IF(RANDBETWEEN(1,6)>=($B$6-$B$7+$B$15),0, IF($B$8>0,IF(RANDBETWEEN(1,6)>=$B$8,0, IF($B$9=1,$B$10,IF($B$9=2,RANDBETWEEN(1,3),RANDBETWEEN(1,6)))), IF($B$9=1,$B$10,IF($B$9=2,RANDBETWEEN(1,3),RANDBETWEEN(1,6)))))))) -> 3 | O130: =IF(13>$B$3,0, IF(RANDBETWEEN(1,6)+$B$14<$B$4, IF($B$12=1,IF(RANDBETWEEN(1,6)+$B$14<$B$4,0,1),0), IF($B$11=1,IF(RANDBETWEEN(1,6)=6,1,0),0)+ IF(RANDBETWEEN(1,6)<$B$5, IF($B$13=1,IF(RANDBETWEEN(1,6)<$B$5,0,1),0), IF(RANDBETWEEN(1,6)>=($B$6-$B$7+$B$15),0, IF($B$8>0,IF(RANDBETWEEN(1,6)>=$B$8,0, IF($B$9=1,$B$10,IF($B$9=2,RANDBETWEEN(1,3),RANDBETWEEN(1,6)))), IF($B$9=1,$B$10,IF($B$9=2,RANDBETWEEN(1,3),RANDBETWEEN(1,6)))))))) -> 0 | P130: =IF(14>$B$3,0, IF(RANDBETWEEN(1,6)+$B$14<$B$4, IF($B$12=1,IF(RANDBETWEEN(1,6)+$B$14<$B$4,0,1),0), IF($B$11=1,IF(RANDBETWEEN(1,6)=6,1,0),0)+ IF(RANDBETWEEN(1,6)<$B$5, IF($B$13=1,IF(RANDBETWEEN(1,6)<$B$5,0,1),0), IF(RANDBETWEEN(1,6)>=($B$6-$B$7+$B$15),0, IF($B$8>0,IF(RANDBETWEEN(1,6)>=$B$8,0, IF($B$9=1,$B$10,IF($B$9=2,RANDBETWEEN(1,3),RANDBETWEEN(1,6)))), IF($B$9=1,$B$10,IF($B$9=2,RANDBETWEEN(1,3),RANDBETWEEN(1,6)))))))) -> 0 | Q130: =IF(15>$B$3,0, IF(RANDBETWEEN(1,6)+$B$14<$B$4, IF($B$12=1,IF(RANDBETWEEN(1,6)+$B$14<$B$4,0,1),0), IF($B$11=1,IF(RANDBETWEEN(1,6)=6,1,0),0)+ IF(RANDBETWEEN(1,6)<$B$5, IF($B$13=1,IF(RANDBETWEEN(1,6)<$B$5,0,1),0), IF(RANDBETWEEN(1,6)>=($B$6-$B$7+$B$15),0, IF($B$8>0,IF(RANDBETWEEN(1,6)>=$B$8,0, IF($B$9=1,$B$10,IF($B$9=2,RANDBETWEEN(1,3),RANDBETWEEN(1,6)))), IF($B$9=1,$B$10,IF($B$9=2,RANDBETWEEN(1,3),RANDBETWEEN(1,6)))))))) -> 0 | R130: =IF(16>$B$3,0, IF(RANDBETWEEN(1,6)+$B$14<$B$4, IF($B$12=1,IF(RANDBETWEEN(1,6)+$B$14<$B$4,0,1),0), IF($B$11=1,IF(RANDBETWEEN(1,6)=6,1,0),0)+ IF(RANDBETWEEN(1,6)<$B$5, IF($B$13=1,IF(RANDBETWEEN(1,6)<$B$5,0,1),0), IF(RANDBETWEEN(1,6)>=($B$6-$B$7+$B$15),0, IF($B$8>0,IF(RANDBETWEEN(1,6)>=$B$8,0, IF($B$9=1,$B$10,IF($B$9=2,RANDBETWEEN(1,3),RANDBETWEEN(1,6)))), IF($B$9=1,$B$10,IF($B$9=2,RANDBETWEEN(1,3),RANDBETWEEN(1,6)))))))) -> 0 | S130: =IF(17>$B$3,0, IF(RANDBETWEEN(1,6)+$B$14<$B$4, IF($B$12=1,IF(RANDBETWEEN(1,6)+$B$14<$B$4,0,1),0), IF($B$11=1,IF(RANDBETWEEN(1,6)=6,1,0),0)+ IF(RANDBETWEEN(1,6)<$B$5, IF($B$13=1,IF(RANDBETWEEN(1,6)<$B$5,0,1),0), IF(RANDBETWEEN(1,6)>=($B$6-$B$7+$B$15),0, IF($B$8>0,IF(RANDBETWEEN(1,6)>=$B$8,0, IF($B$9=1,$B$10,IF($B$9=2,RANDBETWEEN(1,3),RANDBETWEEN(1,6)))), IF($B$9=1,$B$10,IF($B$9=2,RANDBETWEEN(1,3),RANDBETWEEN(1,6)))))))) -> 0 | T130: =IF(18>$B$3,0, IF(RANDBETWEEN(1,6)+$B$14<$B$4, IF($B$12=1,IF(RANDBETWEEN(1,6)+$B$14<$B$4,0,1),0), IF($B$11=1,IF(RANDBETWEEN(1,6)=6,1,0),0)+ IF(RANDBETWEEN(1,6)<$B$5, IF($B$13=1,IF(RANDBETWEEN(1,6)<$B$5,0,1),0), IF(RANDBETWEEN(1,6)>=($B$6-$B$7+$B$15),0, IF($B$8>0,IF(RANDBETWEEN(1,6)>=$B$8,0, IF($B$9=1,$B$10,IF($B$9=2,RANDBETWEEN(1,3),RANDBETWEEN(1,6)))), IF($B$9=1,$B$10,IF($B$9=2,RANDBETWEEN(1,3),RANDBETWEEN(1,6)))))))) -> 0 | U130: =IF(19>$B$3,0, IF(RANDBETWEEN(1,6)+$B$14<$B$4, IF($B$12=1,IF(RANDBETWEEN(1,6)+$B$14<$B$4,0,1),0), IF($B$11=1,IF(RANDBETWEEN(1,6)=6,1,0),0)+ IF(RANDBETWEEN(1,6)<$B$5, IF($B$13=1,IF(RANDBETWEEN(1,6)<$B$5,0,1),0), IF(RANDBETWEEN(1,6)>=($B$6-$B$7+$B$15),0, IF($B$8>0,IF(RANDBETWEEN(1,6)>=$B$8,0, IF($B$9=1,$B$10,IF($B$9=2,RANDBETWEEN(1,3),RANDBETWEEN(1,6)))), IF($B$9=1,$B$10,IF($B$9=2,RANDBETWEEN(1,3),RANDBETWEEN(1,6)))))))) -> 0 | V130: =IF(20>$B$3,0, IF(RANDBETWEEN(1,6)+$B$14<$B$4, IF($B$12=1,IF(RANDBETWEEN(1,6)+$B$14<$B$4,0,1),0), IF($B$11=1,IF(RANDBETWEEN(1,6)=6,1,0),0)+ IF(RANDBETWEEN(1,6)<$B$5, IF($B$13=1,IF(RANDBETWEEN(1,6)<$B$5,0,1),0), IF(RANDBETWEEN(1,6)>=($B$6-$B$7+$B$15),0, IF($B$8>0,IF(RANDBETWEEN(1,6)>=$B$8,0, IF($B$9=1,$B$10,IF($B$9=2,RANDBETWEEN(1,3),RANDBETWEEN(1,6)))), IF($B$9=1,$B$10,IF($B$9=2,RANDBETWEEN(1,3),RANDBETWEEN(1,6)))))))) -> 0 | W130: =IF(21>$B$3,0, IF(RANDBETWEEN(1,6)+$B$14<$B$4, IF($B$12=1,IF(RANDBETWEEN(1,6)+$B$14<$B$4,0,1),0), IF($B$11=1,IF(RANDBETWEEN(1,6)=6,1,0),0)+ IF(RANDBETWEEN(1,6)<$B$5, IF($B$13=1,IF(RANDBETWEEN(1,6)<$B$5,0,1),0), IF(RANDBETWEEN(1,6)>=($B$6-$B$7+$B$15),0, IF($B$8>0,IF(RANDBETWEEN(1,6)>=$B$8,0, IF($B$9=1,$B$10,IF($B$9=2,RANDBETWEEN(1,3),RANDBETWEEN(1,6)))), IF($B$9=1,$B$10,IF($B$9=2,RANDBETWEEN(1,3),RANDBETWEEN(1,6)))))))) -> 0 | X130: =IF(22>$B$3,0, IF(RANDBETWEEN(1,6)+$B$14<$B$4, IF($B$12=1,IF(RANDBETWEEN(1,6)+$B$14<$B$4,0,1),0), IF($B$11=1,IF(RANDBETWEEN(1,6)=6,1,0),0)+ IF(RANDBETWEEN(1,6)<$B$5, IF($B$13=1,IF(RANDBETWEEN(1,6)<$B$5,0,1),0), IF(RANDBETWEEN(1,6)>=($B$6-$B$7+$B$15),0, IF($B$8>0,IF(RANDBETWEEN(1,6)>=$B$8,0, IF($B$9=1,$B$10,IF($B$9=2,RANDBETWEEN(1,3),RANDBETWEEN(1,6)))), IF($B$9=1,$B$10,IF($B$9=2,RANDBETWEEN(1,3),RANDBETWEEN(1,6)))))))) -> 0 | Y130: =IF(23>$B$3,0, IF(RANDBETWEEN(1,6)+$B$14<$B$4, IF($B$12=1,IF(RANDBETWEEN(1,6)+$B$14<$B$4,0,1),0), IF($B$11=1,IF(RANDBETWEEN(1,6)=6,1,0),0)+ IF(RANDBETWEEN(1,6)<$B$5, IF($B$13=1,IF(RANDBETWEEN(1,6)<$B$5,0,1),0), IF(RANDBETWEEN(1,6)>=($B$6-$B$7+$B$15),0, IF($B$8>0,IF(RANDBETWEEN(1,6)>=$B$8,0, IF($B$9=1,$B$10,IF($B$9=2,RANDBETWEEN(1,3),RANDBETWEEN(1,6)))), IF($B$9=1,$B$10,IF($B$9=2,RANDBETWEEN(1,3),RANDBETWEEN(1,6)))))))) -> 0 | Z130: =IF(24>$B$3,0, IF(RANDBETWEEN(1,6)+$B$14<$B$4, IF($B$12=1,IF(RANDBETWEEN(1,6)+$B$14<$B$4,0,1),0), IF($B$11=1,IF(RANDBETWEEN(1,6)=6,1,0),0)+ IF(RANDBETWEEN(1,6)<$B$5, IF($B$13=1,IF(RANDBETWEEN(1,6)<$B$5,0,1),0), IF(RANDBETWEEN(1,6)>=($B$6-$B$7+$B$15),0, IF($B$8>0,IF(RANDBETWEEN(1,6)>=$B$8,0, IF($B$9=1,$B$10,IF($B$9=2,RANDBETWEEN(1,3),RANDBETWEEN(1,6)))), IF($B$9=1,$B$10,IF($B$9=2,RANDBETWEEN(1,3),RANDBETWEEN(1,6)))))))) -> 0 | AA130: =IF(25>$B$3,0, IF(RANDBETWEEN(1,6)+$B$14<$B$4, IF($B$12=1,IF(RANDBETWEEN(1,6)+$B$14<$B$4,0,1),0), IF($B$11=1,IF(RANDBETWEEN(1,6)=6,1,0),0)+ IF(RANDBETWEEN(1,6)<$B$5, IF($B$13=1,IF(RANDBETWEEN(1,6)<$B$5,0,1),0), IF(RANDBETWEEN(1,6)>=($B$6-$B$7+$B$15),0, IF($B$8>0,IF(RANDBETWEEN(1,6)>=$B$8,0, IF($B$9=1,$B$10,IF($B$9=2,RANDBETWEEN(1,3),RANDBETWEEN(1,6)))), IF($B$9=1,$B$10,IF($B$9=2,RANDBETWEEN(1,3),RANDBETWEEN(1,6)))))))) -> 0 | AB130: =IF(26>$B$3,0, IF(RANDBETWEEN(1,6)+$B$14<$B$4, IF($B$12=1,IF(RANDBETWEEN(1,6)+$B$14<$B$4,0,1),0), IF($B$11=1,IF(RANDBETWEEN(1,6)=6,1,0),0)+ IF(RANDBETWEEN(1,6)<$B$5, IF($B$13=1,IF(RANDBETWEEN(1,6)<$B$5,0,1),0), IF(RANDBETWEEN(1,6)>=($B$6-$B$7+$B$15),0, IF($B$8>0,IF(RANDBETWEEN(1,6)>=$B$8,0, IF($B$9=1,$B$10,IF($B$9=2,RANDBETWEEN(1,3),RANDBETWEEN(1,6)))), IF($B$9=1,$B$10,IF($B$9=2,RANDBETWEEN(1,3),RANDBETWEEN(1,6)))))))) -> 0 | AC130: =IF(27>$B$3,0, IF(RANDBETWEEN(1,6)+$B$14<$B$4, IF($B$12=1,IF(RANDBETWEEN(1,6)+$B$14<$B$4,0,1),0), IF($B$11=1,IF(RANDBETWEEN(1,6)=6,1,0),0)+ IF(RANDBETWEEN(1,6)<$B$5, IF($B$13=1,IF(RANDBETWEEN(1,6)<$B$5,0,1),0), IF(RANDBETWEEN(1,6)>=($B$6-$B$7+$B$15),0, IF($B$8>0,IF(RANDBETWEEN(1,6)>=$B$8,0, IF($B$9=1,$B$10,IF($B$9=2,RANDBETWEEN(1,3),RANDBETWEEN(1,6)))), IF($B$9=1,$B$10,IF($B$9=2,RANDBETWEEN(1,3),RANDBETWEEN(1,6)))))))) -> 0 | AD130: =IF(28>$B$3,0, IF(RANDBETWEEN(1,6)+$B$14<$B$4, IF($B$12=1,IF(RANDBETWEEN(1,6)+$B$14<$B$4,0,1),0), IF($B$11=1,IF(RANDBETWEEN(1,6)=6,1,0),0)+ IF(RANDBETWEEN(1,6)<$B$5, IF($B$13=1,IF(RANDBETWEEN(1,6)<$B$5,0,1),0), IF(RANDBETWEEN(1,6)>=($B$6-$B$7+$B$15),0, IF($B$8>0,IF(RANDBETWEEN(1,6)>=$B$8,0, IF($B$9=1,$B$10,IF($B$9=2,RANDBETWEEN(1,3),RANDBETWEEN(1,6)))), IF($B$9=1,$B$10,IF($B$9=2,RANDBETWEEN(1,3),RANDBETWEEN(1,6)))))))) -> 0 | AE130: =IF(29>$B$3,0, IF(RANDBETWEEN(1,6)+$B$14<$B$4, IF($B$12=1,IF(RANDBETWEEN(1,6)+$B$14<$B$4,0,1),0), IF($B$11=1,IF(RANDBETWEEN(1,6)=6,1,0),0)+ IF(RANDBETWEEN(1,6)<$B$5, IF($B$13=1,IF(RANDBETWEEN(1,6)<$B$5,0,1),0), IF(RANDBETWEEN(1,6)>=($B$6-$B$7+$B$15),0, IF($B$8>0,IF(RANDBETWEEN(1,6)>=$B$8,0, IF($B$9=1,$B$10,IF($B$9=2,RANDBETWEEN(1,3),RANDBETWEEN(1,6)))), IF($B$9=1,$B$10,IF($B$9=2,RANDBETWEEN(1,3),RANDBETWEEN(1,6)))))))) -> 0 | AF130: =IF(30>$B$3,0, IF(RANDBETWEEN(1,6)+$B$14<$B$4, IF($B$12=1,IF(RANDBETWEEN(1,6)+$B$14<$B$4,0,1),0), IF($B$11=1,IF(RANDBETWEEN(1,6)=6,1,0),0)+ IF(RANDBETWEEN(1,6)<$B$5, IF($B$13=1,IF(RANDBETWEEN(1,6)<$B$5,0,1),0), IF(RANDBETWEEN(1,6)>=($B$6-$B$7+$B$15),0, IF($B$8>0,IF(RANDBETWEEN(1,6)>=$B$8,0, IF($B$9=1,$B$10,IF($B$9=2,RANDBETWEEN(1,3),RANDBETWEEN(1,6)))), IF($B$9=1,$B$10,IF($B$9=2,RANDBETWEEN(1,3),RANDBETWEEN(1,6)))))))) -> 0
A131: 12 | B131: =SUM(C131:AF131) -> 6 | C131: =IF(1>$B$3,0, IF(RANDBETWEEN(1,6)+$B$14<$B$4, IF($B$12=1,IF(RANDBETWEEN(1,6)+$B$14<$B$4,0,1),0), IF($B$11=1,IF(RANDBETWEEN(1,6)=6,1,0),0)+ IF(RANDBETWEEN(1,6)<$B$5, IF($B$13=1,IF(RANDBETWEEN(1,6)<$B$5,0,1),0), IF(RANDBETWEEN(1,6)>=($B$6-$B$7+$B$15),0, IF($B$8>0,IF(RANDBETWEEN(1,6)>=$B$8,0, IF($B$9=1,$B$10,IF($B$9=2,RANDBETWEEN(1,3),RANDBETWEEN(1,6)))), IF($B$9=1,$B$10,IF($B$9=2,RANDBETWEEN(1,3),RANDBETWEEN(1,6)))))))) -> 3 | D131: =IF(2>$B$3,0, IF(RANDBETWEEN(1,6)+$B$14<$B$4, IF($B$12=1,IF(RANDBETWEEN(1,6)+$B$14<$B$4,0,1),0), IF($B$11=1,IF(RANDBETWEEN(1,6)=6,1,0),0)+ IF(RANDBETWEEN(1,6)<$B$5, IF($B$13=1,IF(RANDBETWEEN(1,6)<$B$5,0,1),0), IF(RANDBETWEEN(1,6)>=($B$6-$B$7+$B$15),0, IF($B$8>0,IF(RANDBETWEEN(1,6)>=$B$8,0, IF($B$9=1,$B$10,IF($B$9=2,RANDBETWEEN(1,3),RANDBETWEEN(1,6)))), IF($B$9=1,$B$10,IF($B$9=2,RANDBETWEEN(1,3),RANDBETWEEN(1,6)))))))) -> 0 | E131: =IF(3>$B$3,0, IF(RANDBETWEEN(1,6)+$B$14<$B$4, IF($B$12=1,IF(RANDBETWEEN(1,6)+$B$14<$B$4,0,1),0), IF($B$11=1,IF(RANDBETWEEN(1,6)=6,1,0),0)+ IF(RANDBETWEEN(1,6)<$B$5, IF($B$13=1,IF(RANDBETWEEN(1,6)<$B$5,0,1),0), IF(RANDBETWEEN(1,6)>=($B$6-$B$7+$B$15),0, IF($B$8>0,IF(RANDBETWEEN(1,6)>=$B$8,0, IF($B$9=1,$B$10,IF($B$9=2,RANDBETWEEN(1,3),RANDBETWEEN(1,6)))), IF($B$9=1,$B$10,IF($B$9=2,RANDBETWEEN(1,3),RANDBETWEEN(1,6)))))))) -> 3 | F131: =IF(4>$B$3,0, IF(RANDBETWEEN(1,6)+$B$14<$B$4, IF($B$12=1,IF(RANDBETWEEN(1,6)+$B$14<$B$4,0,1),0), IF($B$11=1,IF(RANDBETWEEN(1,6)=6,1,0),0)+ IF(RANDBETWEEN(1,6)<$B$5, IF($B$13=1,IF(RANDBETWEEN(1,6)<$B$5,0,1),0), IF(RANDBETWEEN(1,6)>=($B$6-$B$7+$B$15),0, IF($B$8>0,IF(RANDBETWEEN(1,6)>=$B$8,0, IF($B$9=1,$B$10,IF($B$9=2,RANDBETWEEN(1,3),RANDBETWEEN(1,6)))), IF($B$9=1,$B$10,IF($B$9=2,RANDBETWEEN(1,3),RANDBETWEEN(1,6)))))))) -> 0 | G131: =IF(5>$B$3,0, IF(RANDBETWEEN(1,6)+$B$14<$B$4, IF($B$12=1,IF(RANDBETWEEN(1,6)+$B$14<$B$4,0,1),0), IF($B$11=1,IF(RANDBETWEEN(1,6)=6,1,0),0)+ IF(RANDBETWEEN(1,6)<$B$5, IF($B$13=1,IF(RANDBETWEEN(1,6)<$B$5,0,1),0), IF(RANDBETWEEN(1,6)>=($B$6-$B$7+$B$15),0, IF($B$8>0,IF(RANDBETWEEN(1,6)>=$B$8,0, IF($B$9=1,$B$10,IF($B$9=2,RANDBETWEEN(1,3),RANDBETWEEN(1,6)))), IF($B$9=1,$B$10,IF($B$9=2,RANDBETWEEN(1,3),RANDBETWEEN(1,6)))))))) -> 0 | H131: =IF(6>$B$3,0, IF(RANDBETWEEN(1,6)+$B$14<$B$4, IF($B$12=1,IF(RANDBETWEEN(1,6)+$B$14<$B$4,0,1),0), IF($B$11=1,IF(RANDBETWEEN(1,6)=6,1,0),0)+ IF(RANDBETWEEN(1,6)<$B$5, IF($B$13=1,IF(RANDBETWEEN(1,6)<$B$5,0,1),0), IF(RANDBETWEEN(1,6)>=($B$6-$B$7+$B$15),0, IF($B$8>0,IF(RANDBETWEEN(1,6)>=$B$8,0, IF($B$9=1,$B$10,IF($B$9=2,RANDBETWEEN(1,3),RANDBETWEEN(1,6)))), IF($B$9=1,$B$10,IF($B$9=2,RANDBETWEEN(1,3),RANDBETWEEN(1,6)))))))) -> 0 | I131: =IF(7>$B$3,0, IF(RANDBETWEEN(1,6)+$B$14<$B$4, IF($B$12=1,IF(RANDBETWEEN(1,6)+$B$14<$B$4,0,1),0), IF($B$11=1,IF(RANDBETWEEN(1,6)=6,1,0),0)+ IF(RANDBETWEEN(1,6)<$B$5, IF($B$13=1,IF(RANDBETWEEN(1,6)<$B$5,0,1),0), IF(RANDBETWEEN(1,6)>=($B$6-$B$7+$B$15),0, IF($B$8>0,IF(RANDBETWEEN(1,6)>=$B$8,0, IF($B$9=1,$B$10,IF($B$9=2,RANDBETWEEN(1,3),RANDBETWEEN(1,6)))), IF($B$9=1,$B$10,IF($B$9=2,RANDBETWEEN(1,3),RANDBETWEEN(1,6)))))))) -> 0 | J131: =IF(8>$B$3,0, IF(RANDBETWEEN(1,6)+$B$14<$B$4, IF($B$12=1,IF(RANDBETWEEN(1,6)+$B$14<$B$4,0,1),0), IF($B$11=1,IF(RANDBETWEEN(1,6)=6,1,0),0)+ IF(RANDBETWEEN(1,6)<$B$5, IF($B$13=1,IF(RANDBETWEEN(1,6)<$B$5,0,1),0), IF(RANDBETWEEN(1,6)>=($B$6-$B$7+$B$15),0, IF($B$8>0,IF(RANDBETWEEN(1,6)>=$B$8,0, IF($B$9=1,$B$10,IF($B$9=2,RANDBETWEEN(1,3),RANDBETWEEN(1,6)))), IF($B$9=1,$B$10,IF($B$9=2,RANDBETWEEN(1,3),RANDBETWEEN(1,6)))))))) -> 0 | K131: =IF(9>$B$3,0, IF(RANDBETWEEN(1,6)+$B$14<$B$4, IF($B$12=1,IF(RANDBETWEEN(1,6)+$B$14<$B$4,0,1),0), IF($B$11=1,IF(RANDBETWEEN(1,6)=6,1,0),0)+ IF(RANDBETWEEN(1,6)<$B$5, IF($B$13=1,IF(RANDBETWEEN(1,6)<$B$5,0,1),0), IF(RANDBETWEEN(1,6)>=($B$6-$B$7+$B$15),0, IF($B$8>0,IF(RANDBETWEEN(1,6)>=$B$8,0, IF($B$9=1,$B$10,IF($B$9=2,RANDBETWEEN(1,3),RANDBETWEEN(1,6)))), IF($B$9=1,$B$10,IF($B$9=2,RANDBETWEEN(1,3),RANDBETWEEN(1,6)))))))) -> 0 | L131: =IF(10>$B$3,0, IF(RANDBETWEEN(1,6)+$B$14<$B$4, IF($B$12=1,IF(RANDBETWEEN(1,6)+$B$14<$B$4,0,1),0), IF($B$11=1,IF(RANDBETWEEN(1,6)=6,1,0),0)+ IF(RANDBETWEEN(1,6)<$B$5, IF($B$13=1,IF(RANDBETWEEN(1,6)<$B$5,0,1),0), IF(RANDBETWEEN(1,6)>=($B$6-$B$7+$B$15),0, IF($B$8>0,IF(RANDBETWEEN(1,6)>=$B$8,0, IF($B$9=1,$B$10,IF($B$9=2,RANDBETWEEN(1,3),RANDBETWEEN(1,6)))), IF($B$9=1,$B$10,IF($B$9=2,RANDBETWEEN(1,3),RANDBETWEEN(1,6)))))))) -> 0 | M131: =IF(11>$B$3,0, IF(RANDBETWEEN(1,6)+$B$14<$B$4, IF($B$12=1,IF(RANDBETWEEN(1,6)+$B$14<$B$4,0,1),0), IF($B$11=1,IF(RANDBETWEEN(1,6)=6,1,0),0)+ IF(RANDBETWEEN(1,6)<$B$5, IF($B$13=1,IF(RANDBETWEEN(1,6)<$B$5,0,1),0), IF(RANDBETWEEN(1,6)>=($B$6-$B$7+$B$15),0, IF($B$8>0,IF(RANDBETWEEN(1,6)>=$B$8,0, IF($B$9=1,$B$10,IF($B$9=2,RANDBETWEEN(1,3),RANDBETWEEN(1,6)))), IF($B$9=1,$B$10,IF($B$9=2,RANDBETWEEN(1,3),RANDBETWEEN(1,6)))))))) -> 0 | N131: =IF(12>$B$3,0, IF(RANDBETWEEN(1,6)+$B$14<$B$4, IF($B$12=1,IF(RANDBETWEEN(1,6)+$B$14<$B$4,0,1),0), IF($B$11=1,IF(RANDBETWEEN(1,6)=6,1,0),0)+ IF(RANDBETWEEN(1,6)<$B$5, IF($B$13=1,IF(RANDBETWEEN(1,6)<$B$5,0,1),0), IF(RANDBETWEEN(1,6)>=($B$6-$B$7+$B$15),0, IF($B$8>0,IF(RANDBETWEEN(1,6)>=$B$8,0, IF($B$9=1,$B$10,IF($B$9=2,RANDBETWEEN(1,3),RANDBETWEEN(1,6)))), IF($B$9=1,$B$10,IF($B$9=2,RANDBETWEEN(1,3),RANDBETWEEN(1,6)))))))) -> 0 | O131: =IF(13>$B$3,0, IF(RANDBETWEEN(1,6)+$B$14<$B$4, IF($B$12=1,IF(RANDBETWEEN(1,6)+$B$14<$B$4,0,1),0), IF($B$11=1,IF(RANDBETWEEN(1,6)=6,1,0),0)+ IF(RANDBETWEEN(1,6)<$B$5, IF($B$13=1,IF(RANDBETWEEN(1,6)<$B$5,0,1),0), IF(RANDBETWEEN(1,6)>=($B$6-$B$7+$B$15),0, IF($B$8>0,IF(RANDBETWEEN(1,6)>=$B$8,0, IF($B$9=1,$B$10,IF($B$9=2,RANDBETWEEN(1,3),RANDBETWEEN(1,6)))), IF($B$9=1,$B$10,IF($B$9=2,RANDBETWEEN(1,3),RANDBETWEEN(1,6)))))))) -> 0 | P131: =IF(14>$B$3,0, IF(RANDBETWEEN(1,6)+$B$14<$B$4, IF($B$12=1,IF(RANDBETWEEN(1,6)+$B$14<$B$4,0,1),0), IF($B$11=1,IF(RANDBETWEEN(1,6)=6,1,0),0)+ IF(RANDBETWEEN(1,6)<$B$5, IF($B$13=1,IF(RANDBETWEEN(1,6)<$B$5,0,1),0), IF(RANDBETWEEN(1,6)>=($B$6-$B$7+$B$15),0, IF($B$8>0,IF(RANDBETWEEN(1,6)>=$B$8,0, IF($B$9=1,$B$10,IF($B$9=2,RANDBETWEEN(1,3),RANDBETWEEN(1,6)))), IF($B$9=1,$B$10,IF($B$9=2,RANDBETWEEN(1,3),RANDBETWEEN(1,6)))))))) -> 0 | Q131: =IF(15>$B$3,0, IF(RANDBETWEEN(1,6)+$B$14<$B$4, IF($B$12=1,IF(RANDBETWEEN(1,6)+$B$14<$B$4,0,1),0), IF($B$11=1,IF(RANDBETWEEN(1,6)=6,1,0),0)+ IF(RANDBETWEEN(1,6)<$B$5, IF($B$13=1,IF(RANDBETWEEN(1,6)<$B$5,0,1),0), IF(RANDBETWEEN(1,6)>=($B$6-$B$7+$B$15),0, IF($B$8>0,IF(RANDBETWEEN(1,6)>=$B$8,0, IF($B$9=1,$B$10,IF($B$9=2,RANDBETWEEN(1,3),RANDBETWEEN(1,6)))), IF($B$9=1,$B$10,IF($B$9=2,RANDBETWEEN(1,3),RANDBETWEEN(1,6)))))))) -> 0 | R131: =IF(16>$B$3,0, IF(RANDBETWEEN(1,6)+$B$14<$B$4, IF($B$12=1,IF(RANDBETWEEN(1,6)+$B$14<$B$4,0,1),0), IF($B$11=1,IF(RANDBETWEEN(1,6)=6,1,0),0)+ IF(RANDBETWEEN(1,6)<$B$5, IF($B$13=1,IF(RANDBETWEEN(1,6)<$B$5,0,1),0), IF(RANDBETWEEN(1,6)>=($B$6-$B$7+$B$15),0, IF($B$8>0,IF(RANDBETWEEN(1,6)>=$B$8,0, IF($B$9=1,$B$10,IF($B$9=2,RANDBETWEEN(1,3),RANDBETWEEN(1,6)))), IF($B$9=1,$B$10,IF($B$9=2,RANDBETWEEN(1,3),RANDBETWEEN(1,6)))))))) -> 0 | S131: =IF(17>$B$3,0, IF(RANDBETWEEN(1,6)+$B$14<$B$4, IF($B$12=1,IF(RANDBETWEEN(1,6)+$B$14<$B$4,0,1),0), IF($B$11=1,IF(RANDBETWEEN(1,6)=6,1,0),0)+ IF(RANDBETWEEN(1,6)<$B$5, IF($B$13=1,IF(RANDBETWEEN(1,6)<$B$5,0,1),0), IF(RANDBETWEEN(1,6)>=($B$6-$B$7+$B$15),0, IF($B$8>0,IF(RANDBETWEEN(1,6)>=$B$8,0, IF($B$9=1,$B$10,IF($B$9=2,RANDBETWEEN(1,3),RANDBETWEEN(1,6)))), IF($B$9=1,$B$10,IF($B$9=2,RANDBETWEEN(1,3),RANDBETWEEN(1,6)))))))) -> 0 | T131: =IF(18>$B$3,0, IF(RANDBETWEEN(1,6)+$B$14<$B$4, IF($B$12=1,IF(RANDBETWEEN(1,6)+$B$14<$B$4,0,1),0), IF($B$11=1,IF(RANDBETWEEN(1,6)=6,1,0),0)+ IF(RANDBETWEEN(1,6)<$B$5, IF($B$13=1,IF(RANDBETWEEN(1,6)<$B$5,0,1),0), IF(RANDBETWEEN(1,6)>=($B$6-$B$7+$B$15),0, IF($B$8>0,IF(RANDBETWEEN(1,6)>=$B$8,0, IF($B$9=1,$B$10,IF($B$9=2,RANDBETWEEN(1,3),RANDBETWEEN(1,6)))), IF($B$9=1,$B$10,IF($B$9=2,RANDBETWEEN(1,3),RANDBETWEEN(1,6)))))))) -> 0 | U131: =IF(19>$B$3,0, IF(RANDBETWEEN(1,6)+$B$14<$B$4, IF($B$12=1,IF(RANDBETWEEN(1,6)+$B$14<$B$4,0,1),0), IF($B$11=1,IF(RANDBETWEEN(1,6)=6,1,0),0)+ IF(RANDBETWEEN(1,6)<$B$5, IF($B$13=1,IF(RANDBETWEEN(1,6)<$B$5,0,1),0), IF(RANDBETWEEN(1,6)>=($B$6-$B$7+$B$15),0, IF($B$8>0,IF(RANDBETWEEN(1,6)>=$B$8,0, IF($B$9=1,$B$10,IF($B$9=2,RANDBETWEEN(1,3),RANDBETWEEN(1,6)))), IF($B$9=1,$B$10,IF($B$9=2,RANDBETWEEN(1,3),RANDBETWEEN(1,6)))))))) -> 0 | V131: =IF(20>$B$3,0, IF(RANDBETWEEN(1,6)+$B$14<$B$4, IF($B$12=1,IF(RANDBETWEEN(1,6)+$B$14<$B$4,0,1),0), IF($B$11=1,IF(RANDBETWEEN(1,6)=6,1,0),0)+ IF(RANDBETWEEN(1,6)<$B$5, IF($B$13=1,IF(RANDBETWEEN(1,6)<$B$5,0,1),0), IF(RANDBETWEEN(1,6)>=($B$6-$B$7+$B$15),0, IF($B$8>0,IF(RANDBETWEEN(1,6)>=$B$8,0, IF($B$9=1,$B$10,IF($B$9=2,RANDBETWEEN(1,3),RANDBETWEEN(1,6)))), IF($B$9=1,$B$10,IF($B$9=2,RANDBETWEEN(1,3),RANDBETWEEN(1,6)))))))) -> 0 | W131: =IF(21>$B$3,0, IF(RANDBETWEEN(1,6)+$B$14<$B$4, IF($B$12=1,IF(RANDBETWEEN(1,6)+$B$14<$B$4,0,1),0), IF($B$11=1,IF(RANDBETWEEN(1,6)=6,1,0),0)+ IF(RANDBETWEEN(1,6)<$B$5, IF($B$13=1,IF(RANDBETWEEN(1,6)<$B$5,0,1),0), IF(RANDBETWEEN(1,6)>=($B$6-$B$7+$B$15),0, IF($B$8>0,IF(RANDBETWEEN(1,6)>=$B$8,0, IF($B$9=1,$B$10,IF($B$9=2,RANDBETWEEN(1,3),RANDBETWEEN(1,6)))), IF($B$9=1,$B$10,IF($B$9=2,RANDBETWEEN(1,3),RANDBETWEEN(1,6)))))))) -> 0 | X131: =IF(22>$B$3,0, IF(RANDBETWEEN(1,6)+$B$14<$B$4, IF($B$12=1,IF(RANDBETWEEN(1,6)+$B$14<$B$4,0,1),0), IF($B$11=1,IF(RANDBETWEEN(1,6)=6,1,0),0)+ IF(RANDBETWEEN(1,6)<$B$5, IF($B$13=1,IF(RANDBETWEEN(1,6)<$B$5,0,1),0), IF(RANDBETWEEN(1,6)>=($B$6-$B$7+$B$15),0, IF($B$8>0,IF(RANDBETWEEN(1,6)>=$B$8,0, IF($B$9=1,$B$10,IF($B$9=2,RANDBETWEEN(1,3),RANDBETWEEN(1,6)))), IF($B$9=1,$B$10,IF($B$9=2,RANDBETWEEN(1,3),RANDBETWEEN(1,6)))))))) -> 0 | Y131: =IF(23>$B$3,0, IF(RANDBETWEEN(1,6)+$B$14<$B$4, IF($B$12=1,IF(RANDBETWEEN(1,6)+$B$14<$B$4,0,1),0), IF($B$11=1,IF(RANDBETWEEN(1,6)=6,1,0),0)+ IF(RANDBETWEEN(1,6)<$B$5, IF($B$13=1,IF(RANDBETWEEN(1,6)<$B$5,0,1),0), IF(RANDBETWEEN(1,6)>=($B$6-$B$7+$B$15),0, IF($B$8>0,IF(RANDBETWEEN(1,6)>=$B$8,0, IF($B$9=1,$B$10,IF($B$9=2,RANDBETWEEN(1,3),RANDBETWEEN(1,6)))), IF($B$9=1,$B$10,IF($B$9=2,RANDBETWEEN(1,3),RANDBETWEEN(1,6)))))))) -> 0 | Z131: =IF(24>$B$3,0, IF(RANDBETWEEN(1,6)+$B$14<$B$4, IF($B$12=1,IF(RANDBETWEEN(1,6)+$B$14<$B$4,0,1),0), IF($B$11=1,IF(RANDBETWEEN(1,6)=6,1,0),0)+ IF(RANDBETWEEN(1,6)<$B$5, IF($B$13=1,IF(RANDBETWEEN(1,6)<$B$5,0,1),0), IF(RANDBETWEEN(1,6)>=($B$6-$B$7+$B$15),0, IF($B$8>0,IF(RANDBETWEEN(1,6)>=$B$8,0, IF($B$9=1,$B$10,IF($B$9=2,RANDBETWEEN(1,3),RANDBETWEEN(1,6)))), IF($B$9=1,$B$10,IF($B$9=2,RANDBETWEEN(1,3),RANDBETWEEN(1,6)))))))) -> 0 | AA131: =IF(25>$B$3,0, IF(RANDBETWEEN(1,6)+$B$14<$B$4, IF($B$12=1,IF(RANDBETWEEN(1,6)+$B$14<$B$4,0,1),0), IF($B$11=1,IF(RANDBETWEEN(1,6)=6,1,0),0)+ IF(RANDBETWEEN(1,6)<$B$5, IF($B$13=1,IF(RANDBETWEEN(1,6)<$B$5,0,1),0), IF(RANDBETWEEN(1,6)>=($B$6-$B$7+$B$15),0, IF($B$8>0,IF(RANDBETWEEN(1,6)>=$B$8,0, IF($B$9=1,$B$10,IF($B$9=2,RANDBETWEEN(1,3),RANDBETWEEN(1,6)))), IF($B$9=1,$B$10,IF($B$9=2,RANDBETWEEN(1,3),RANDBETWEEN(1,6)))))))) -> 0 | AB131: =IF(26>$B$3,0, IF(RANDBETWEEN(1,6)+$B$14<$B$4, IF($B$12=1,IF(RANDBETWEEN(1,6)+$B$14<$B$4,0,1),0), IF($B$11=1,IF(RANDBETWEEN(1,6)=6,1,0),0)+ IF(RANDBETWEEN(1,6)<$B$5, IF($B$13=1,IF(RANDBETWEEN(1,6)<$B$5,0,1),0), IF(RANDBETWEEN(1,6)>=($B$6-$B$7+$B$15),0, IF($B$8>0,IF(RANDBETWEEN(1,6)>=$B$8,0, IF($B$9=1,$B$10,IF($B$9=2,RANDBETWEEN(1,3),RANDBETWEEN(1,6)))), IF($B$9=1,$B$10,IF($B$9=2,RANDBETWEEN(1,3),RANDBETWEEN(1,6)))))))) -> 0 | AC131: =IF(27>$B$3,0, IF(RANDBETWEEN(1,6)+$B$14<$B$4, IF($B$12=1,IF(RANDBETWEEN(1,6)+$B$14<$B$4,0,1),0), IF($B$11=1,IF(RANDBETWEEN(1,6)=6,1,0),0)+ IF(RANDBETWEEN(1,6)<$B$5, IF($B$13=1,IF(RANDBETWEEN(1,6)<$B$5,0,1),0), IF(RANDBETWEEN(1,6)>=($B$6-$B$7+$B$15),0, IF($B$8>0,IF(RANDBETWEEN(1,6)>=$B$8,0, IF($B$9=1,$B$10,IF($B$9=2,RANDBETWEEN(1,3),RANDBETWEEN(1,6)))), IF($B$9=1,$B$10,IF($B$9=2,RANDBETWEEN(1,3),RANDBETWEEN(1,6)))))))) -> 0 | AD131: =IF(28>$B$3,0, IF(RANDBETWEEN(1,6)+$B$14<$B$4, IF($B$12=1,IF(RANDBETWEEN(1,6)+$B$14<$B$4,0,1),0), IF($B$11=1,IF(RANDBETWEEN(1,6)=6,1,0),0)+ IF(RANDBETWEEN(1,6)<$B$5, IF($B$13=1,IF(RANDBETWEEN(1,6)<$B$5,0,1),0), IF(RANDBETWEEN(1,6)>=($B$6-$B$7+$B$15),0, IF($B$8>0,IF(RANDBETWEEN(1,6)>=$B$8,0, IF($B$9=1,$B$10,IF($B$9=2,RANDBETWEEN(1,3),RANDBETWEEN(1,6)))), IF($B$9=1,$B$10,IF($B$9=2,RANDBETWEEN(1,3),RANDBETWEEN(1,6)))))))) -> 0 | AE131: =IF(29>$B$3,0, IF(RANDBETWEEN(1,6)+$B$14<$B$4, IF($B$12=1,IF(RANDBETWEEN(1,6)+$B$14<$B$4,0,1),0), IF($B$11=1,IF(RANDBETWEEN(1,6)=6,1,0),0)+ IF(RANDBETWEEN(1,6)<$B$5, IF($B$13=1,IF(RANDBETWEEN(1,6)<$B$5,0,1),0), IF(RANDBETWEEN(1,6)>=($B$6-$B$7+$B$15),0, IF($B$8>0,IF(RANDBETWEEN(1,6)>=$B$8,0, IF($B$9=1,$B$10,IF($B$9=2,RANDBETWEEN(1,3),RANDBETWEEN(1,6)))), IF($B$9=1,$B$10,IF($B$9=2,RANDBETWEEN(1,3),RANDBETWEEN(1,6)))))))) -> 0 | AF131: =IF(30>$B$3,0, IF(RANDBETWEEN(1,6)+$B$14<$B$4, IF($B$12=1,IF(RANDBETWEEN(1,6)+$B$14<$B$4,0,1),0), IF($B$11=1,IF(RANDBETWEEN(1,6)=6,1,0),0)+ IF(RANDBETWEEN(1,6)<$B$5, IF($B$13=1,IF(RANDBETWEEN(1,6)<$B$5,0,1),0), IF(RANDBETWEEN(1,6)>=($B$6-$B$7+$B$15),0, IF($B$8>0,IF(RANDBETWEEN(1,6)>=$B$8,0, IF($B$9=1,$B$10,IF($B$9=2,RANDBETWEEN(1,3),RANDBETWEEN(1,6)))), IF($B$9=1,$B$10,IF($B$9=2,RANDBETWEEN(1,3),RANDBETWEEN(1,6)))))))) -> 0
... A1119: 1000 | B1119: =SUM(C1119:AF1119) -> 15 | C1119: =IF(1>$B$3,0, IF(RANDBETWEEN(1,6)+$B$14<$B$4, IF($B$12=1,IF(RANDBETWEEN(1,6)+$B$14<$B$4,0,1),0), IF($B$11=1,IF(RANDBETWEEN(1,6)=6,1,0),0)+ IF(RANDBETWEEN(1,6)<$B$5, IF($B$13=1,IF(RANDBETWEEN(1,6)<$B$5,0,1),0), IF(RANDBETWEEN(1,6)>=($B$6-$B$7+$B$15),0, IF($B$8>0,IF(RANDBETWEEN(1,6)>=$B$8,0, IF($B$9=1,$B$10,IF($B$9=2,RANDBETWEEN(1,3),RANDBETWEEN(1,6)))), IF($B$9=1,$B$10,IF($B$9=2,RANDBETWEEN(1,3),RANDBETWEEN(1,6)))))))) -> 3 | D1119: =IF(2>$B$3,0, IF(RANDBETWEEN(1,6)+$B$14<$B$4, IF($B$12=1,IF(RANDBETWEEN(1,6)+$B$14<$B$4,0,1),0), IF($B$11=1,IF(RANDBETWEEN(1,6)=6,1,0),0)+ IF(RANDBETWEEN(1,6)<$B$5, IF($B$13=1,IF(RANDBETWEEN(1,6)<$B$5,0,1),0), IF(RANDBETWEEN(1,6)>=($B$6-$B$7+$B$15),0, IF($B$8>0,IF(RANDBETWEEN(1,6)>=$B$8,0, IF($B$9=1,$B$10,IF($B$9=2,RANDBETWEEN(1,3),RANDBETWEEN(1,6)))), IF($B$9=1,$B$10,IF($B$9=2,RANDBETWEEN(1,3),RANDBETWEEN(1,6)))))))) -> 3 | E1119: =IF(3>$B$3,0, IF(RANDBETWEEN(1,6)+$B$14<$B$4, IF($B$12=1,IF(RANDBETWEEN(1,6)+$B$14<$B$4,0,1),0), IF($B$11=1,IF(RANDBETWEEN(1,6)=6,1,0),0)+ IF(RANDBETWEEN(1,6)<$B$5, IF($B$13=1,IF(RANDBETWEEN(1,6)<$B$5,0,1),0), IF(RANDBETWEEN(1,6)>=($B$6-$B$7+$B$15),0, IF($B$8>0,IF(RANDBETWEEN(1,6)>=$B$8,0, IF($B$9=1,$B$10,IF($B$9=2,RANDBETWEEN(1,3),RANDBETWEEN(1,6)))), IF($B$9=1,$B$10,IF($B$9=2,RANDBETWEEN(1,3),RANDBETWEEN(1,6)))))))) -> 0 | F1119: =IF(4>$B$3,0, IF(RANDBETWEEN(1,6)+$B$14<$B$4, IF($B$12=1,IF(RANDBETWEEN(1,6)+$B$14<$B$4,0,1),0), IF($B$11=1,IF(RANDBETWEEN(1,6)=6,1,0),0)+ IF(RANDBETWEEN(1,6)<$B$5, IF($B$13=1,IF(RANDBETWEEN(1,6)<$B$5,0,1),0), IF(RANDBETWEEN(1,6)>=($B$6-$B$7+$B$15),0, IF($B$8>0,IF(RANDBETWEEN(1,6)>=$B$8,0, IF($B$9=1,$B$10,IF($B$9=2,RANDBETWEEN(1,3),RANDBETWEEN(1,6)))), IF($B$9=1,$B$10,IF($B$9=2,RANDBETWEEN(1,3),RANDBETWEEN(1,6)))))))) -> 3 | G1119: =IF(5>$B$3,0, IF(RANDBETWEEN(1,6)+$B$14<$B$4, IF($B$12=1,IF(RANDBETWEEN(1,6)+$B$14<$B$4,0,1),0), IF($B$11=1,IF(RANDBETWEEN(1,6)=6,1,0),0)+ IF(RANDBETWEEN(1,6)<$B$5, IF($B$13=1,IF(RANDBETWEEN(1,6)<$B$5,0,1),0), IF(RANDBETWEEN(1,6)>=($B$6-$B$7+$B$15),0, IF($B$8>0,IF(RANDBETWEEN(1,6)>=$B$8,0, IF($B$9=1,$B$10,IF($B$9=2,RANDBETWEEN(1,3),RANDBETWEEN(1,6)))), IF($B$9=1,$B$10,IF($B$9=2,RANDBETWEEN(1,3),RANDBETWEEN(1,6)))))))) -> 0 | H1119: =IF(6>$B$3,0, IF(RANDBETWEEN(1,6)+$B$14<$B$4, IF($B$12=1,IF(RANDBETWEEN(1,6)+$B$14<$B$4,0,1),0), IF($B$11=1,IF(RANDBETWEEN(1,6)=6,1,0),0)+ IF(RANDBETWEEN(1,6)<$B$5, IF($B$13=1,IF(RANDBETWEEN(1,6)<$B$5,0,1),0), IF(RANDBETWEEN(1,6)>=($B$6-$B$7+$B$15),0, IF($B$8>0,IF(RANDBETWEEN(1,6)>=$B$8,0, IF($B$9=1,$B$10,IF($B$9=2,RANDBETWEEN(1,3),RANDBETWEEN(1,6)))), IF($B$9=1,$B$10,IF($B$9=2,RANDBETWEEN(1,3),RANDBETWEEN(1,6)))))))) -> 0 | I1119: =IF(7>$B$3,0, IF(RANDBETWEEN(1,6)+$B$14<$B$4, IF($B$12=1,IF(RANDBETWEEN(1,6)+$B$14<$B$4,0,1),0), IF($B$11=1,IF(RANDBETWEEN(1,6)=6,1,0),0)+ IF(RANDBETWEEN(1,6)<$B$5, IF($B$13=1,IF(RANDBETWEEN(1,6)<$B$5,0,1),0), IF(RANDBETWEEN(1,6)>=($B$6-$B$7+$B$15),0, IF($B$8>0,IF(RANDBETWEEN(1,6)>=$B$8,0, IF($B$9=1,$B$10,IF($B$9=2,RANDBETWEEN(1,3),RANDBETWEEN(1,6)))), IF($B$9=1,$B$10,IF($B$9=2,RANDBETWEEN(1,3),RANDBETWEEN(1,6)))))))) -> 0 | J1119: =IF(8>$B$3,0, IF(RANDBETWEEN(1,6)+$B$14<$B$4, IF($B$12=1,IF(RANDBETWEEN(1,6)+$B$14<$B$4,0,1),0), IF($B$11=1,IF(RANDBETWEEN(1,6)=6,1,0),0)+ IF(RANDBETWEEN(1,6)<$B$5, IF($B$13=1,IF(RANDBETWEEN(1,6)<$B$5,0,1),0), IF(RANDBETWEEN(1,6)>=($B$6-$B$7+$B$15),0, IF($B$8>0,IF(RANDBETWEEN(1,6)>=$B$8,0, IF($B$9=1,$B$10,IF($B$9=2,RANDBETWEEN(1,3),RANDBETWEEN(1,6)))), IF($B$9=1,$B$10,IF($B$9=2,RANDBETWEEN(1,3),RANDBETWEEN(1,6)))))))) -> 0 | K1119: =IF(9>$B$3,0, IF(RANDBETWEEN(1,6)+$B$14<$B$4, IF($B$12=1,IF(RANDBETWEEN(1,6)+$B$14<$B$4,0,1),0), IF($B$11=1,IF(RANDBETWEEN(1,6)=6,1,0),0)+ IF(RANDBETWEEN(1,6)<$B$5, IF($B$13=1,IF(RANDBETWEEN(1,6)<$B$5,0,1),0), IF(RANDBETWEEN(1,6)>=($B$6-$B$7+$B$15),0, IF($B$8>0,IF(RANDBETWEEN(1,6)>=$B$8,0, IF($B$9=1,$B$10,IF($B$9=2,RANDBETWEEN(1,3),RANDBETWEEN(1,6)))), IF($B$9=1,$B$10,IF($B$9=2,RANDBETWEEN(1,3),RANDBETWEEN(1,6)))))))) -> 3 | L1119: =IF(10>$B$3,0, IF(RANDBETWEEN(1,6)+$B$14<$B$4, IF($B$12=1,IF(RANDBETWEEN(1,6)+$B$14<$B$4,0,1),0), IF($B$11=1,IF(RANDBETWEEN(1,6)=6,1,0),0)+ IF(RANDBETWEEN(1,6)<$B$5, IF($B$13=1,IF(RANDBETWEEN(1,6)<$B$5,0,1),0), IF(RANDBETWEEN(1,6)>=($B$6-$B$7+$B$15),0, IF($B$8>0,IF(RANDBETWEEN(1,6)>=$B$8,0, IF($B$9=1,$B$10,IF($B$9=2,RANDBETWEEN(1,3),RANDBETWEEN(1,6)))), IF($B$9=1,$B$10,IF($B$9=2,RANDBETWEEN(1,3),RANDBETWEEN(1,6)))))))) -> 0 | M1119: =IF(11>$B$3,0, IF(RANDBETWEEN(1,6)+$B$14<$B$4, IF($B$12=1,IF(RANDBETWEEN(1,6)+$B$14<$B$4,0,1),0), IF($B$11=1,IF(RANDBETWEEN(1,6)=6,1,0),0)+ IF(RANDBETWEEN(1,6)<$B$5, IF($B$13=1,IF(RANDBETWEEN(1,6)<$B$5,0,1),0), IF(RANDBETWEEN(1,6)>=($B$6-$B$7+$B$15),0, IF($B$8>0,IF(RANDBETWEEN(1,6)>=$B$8,0, IF($B$9=1,$B$10,IF($B$9=2,RANDBETWEEN(1,3),RANDBETWEEN(1,6)))), IF($B$9=1,$B$10,IF($B$9=2,RANDBETWEEN(1,3),RANDBETWEEN(1,6)))))))) -> 3 | N1119: =IF(12>$B$3,0, IF(RANDBETWEEN(1,6)+$B$14<$B$4, IF($B$12=1,IF(RANDBETWEEN(1,6)+$B$14<$B$4,0,1),0), IF($B$11=1,IF(RANDBETWEEN(1,6)=6,1,0),0)+ IF(RANDBETWEEN(1,6)<$B$5, IF($B$13=1,IF(RANDBETWEEN(1,6)<$B$5,0,1),0), IF(RANDBETWEEN(1,6)>=($B$6-$B$7+$B$15),0, IF($B$8>0,IF(RANDBETWEEN(1,6)>=$B$8,0, IF($B$9=1,$B$10,IF($B$9=2,RANDBETWEEN(1,3),RANDBETWEEN(1,6)))), IF($B$9=1,$B$10,IF($B$9=2,RANDBETWEEN(1,3),RANDBETWEEN(1,6)))))))) -> 0 | O1119: =IF(13>$B$3,0, IF(RANDBETWEEN(1,6)+$B$14<$B$4, IF($B$12=1,IF(RANDBETWEEN(1,6)+$B$14<$B$4,0,1),0), IF($B$11=1,IF(RANDBETWEEN(1,6)=6,1,0),0)+ IF(RANDBETWEEN(1,6)<$B$5, IF($B$13=1,IF(RANDBETWEEN(1,6)<$B$5,0,1),0), IF(RANDBETWEEN(1,6)>=($B$6-$B$7+$B$15),0, IF($B$8>0,IF(RANDBETWEEN(1,6)>=$B$8,0, IF($B$9=1,$B$10,IF($B$9=2,RANDBETWEEN(1,3),RANDBETWEEN(1,6)))), IF($B$9=1,$B$10,IF($B$9=2,RANDBETWEEN(1,3),RANDBETWEEN(1,6)))))))) -> 0 | P1119: =IF(14>$B$3,0, IF(RANDBETWEEN(1,6)+$B$14<$B$4, IF($B$12=1,IF(RANDBETWEEN(1,6)+$B$14<$B$4,0,1),0), IF($B$11=1,IF(RANDBETWEEN(1,6)=6,1,0),0)+ IF(RANDBETWEEN(1,6)<$B$5, IF($B$13=1,IF(RANDBETWEEN(1,6)<$B$5,0,1),0), IF(RANDBETWEEN(1,6)>=($B$6-$B$7+$B$15),0, IF($B$8>0,IF(RANDBETWEEN(1,6)>=$B$8,0, IF($B$9=1,$B$10,IF($B$9=2,RANDBETWEEN(1,3),RANDBETWEEN(1,6)))), IF($B$9=1,$B$10,IF($B$9=2,RANDBETWEEN(1,3),RANDBETWEEN(1,6)))))))) -> 0 | Q1119: =IF(15>$B$3,0, IF(RANDBETWEEN(1,6)+$B$14<$B$4, IF($B$12=1,IF(RANDBETWEEN(1,6)+$B$14<$B$4,0,1),0), IF($B$11=1,IF(RANDBETWEEN(1,6)=6,1,0),0)+ IF(RANDBETWEEN(1,6)<$B$5, IF($B$13=1,IF(RANDBETWEEN(1,6)<$B$5,0,1),0), IF(RANDBETWEEN(1,6)>=($B$6-$B$7+$B$15),0, IF($B$8>0,IF(RANDBETWEEN(1,6)>=$B$8,0, IF($B$9=1,$B$10,IF($B$9=2,RANDBETWEEN(1,3),RANDBETWEEN(1,6)))), IF($B$9=1,$B$10,IF($B$9=2,RANDBETWEEN(1,3),RANDBETWEEN(1,6)))))))) -> 0 | R1119: =IF(16>$B$3,0, IF(RANDBETWEEN(1,6)+$B$14<$B$4, IF($B$12=1,IF(RANDBETWEEN(1,6)+$B$14<$B$4,0,1),0), IF($B$11=1,IF(RANDBETWEEN(1,6)=6,1,0),0)+ IF(RANDBETWEEN(1,6)<$B$5, IF($B$13=1,IF(RANDBETWEEN(1,6)<$B$5,0,1),0), IF(RANDBETWEEN(1,6)>=($B$6-$B$7+$B$15),0, IF($B$8>0,IF(RANDBETWEEN(1,6)>=$B$8,0, IF($B$9=1,$B$10,IF($B$9=2,RANDBETWEEN(1,3),RANDBETWEEN(1,6)))), IF($B$9=1,$B$10,IF($B$9=2,RANDBETWEEN(1,3),RANDBETWEEN(1,6)))))))) -> 0 | S1119: =IF(17>$B$3,0, IF(RANDBETWEEN(1,6)+$B$14<$B$4, IF($B$12=1,IF(RANDBETWEEN(1,6)+$B$14<$B$4,0,1),0), IF($B$11=1,IF(RANDBETWEEN(1,6)=6,1,0),0)+ IF(RANDBETWEEN(1,6)<$B$5, IF($B$13=1,IF(RANDBETWEEN(1,6)<$B$5,0,1),0), IF(RANDBETWEEN(1,6)>=($B$6-$B$7+$B$15),0, IF($B$8>0,IF(RANDBETWEEN(1,6)>=$B$8,0, IF($B$9=1,$B$10,IF($B$9=2,RANDBETWEEN(1,3),RANDBETWEEN(1,6)))), IF($B$9=1,$B$10,IF($B$9=2,RANDBETWEEN(1,3),RANDBETWEEN(1,6)))))))) -> 0 | T1119: =IF(18>$B$3,0, IF(RANDBETWEEN(1,6)+$B$14<$B$4, IF($B$12=1,IF(RANDBETWEEN(1,6)+$B$14<$B$4,0,1),0), IF($B$11=1,IF(RANDBETWEEN(1,6)=6,1,0),0)+ IF(RANDBETWEEN(1,6)<$B$5, IF($B$13=1,IF(RANDBETWEEN(1,6)<$B$5,0,1),0), IF(RANDBETWEEN(1,6)>=($B$6-$B$7+$B$15),0, IF($B$8>0,IF(RANDBETWEEN(1,6)>=$B$8,0, IF($B$9=1,$B$10,IF($B$9=2,RANDBETWEEN(1,3),RANDBETWEEN(1,6)))), IF($B$9=1,$B$10,IF($B$9=2,RANDBETWEEN(1,3),RANDBETWEEN(1,6)))))))) -> 0 | U1119: =IF(19>$B$3,0, IF(RANDBETWEEN(1,6)+$B$14<$B$4, IF($B$12=1,IF(RANDBETWEEN(1,6)+$B$14<$B$4,0,1),0), IF($B$11=1,IF(RANDBETWEEN(1,6)=6,1,0),0)+ IF(RANDBETWEEN(1,6)<$B$5, IF($B$13=1,IF(RANDBETWEEN(1,6)<$B$5,0,1),0), IF(RANDBETWEEN(1,6)>=($B$6-$B$7+$B$15),0, IF($B$8>0,IF(RANDBETWEEN(1,6)>=$B$8,0, IF($B$9=1,$B$10,IF($B$9=2,RANDBETWEEN(1,3),RANDBETWEEN(1,6)))), IF($B$9=1,$B$10,IF($B$9=2,RANDBETWEEN(1,3),RANDBETWEEN(1,6)))))))) -> 0 | V1119: =IF(20>$B$3,0, IF(RANDBETWEEN(1,6)+$B$14<$B$4, IF($B$12=1,IF(RANDBETWEEN(1,6)+$B$14<$B$4,0,1),0), IF($B$11=1,IF(RANDBETWEEN(1,6)=6,1,0),0)+ IF(RANDBETWEEN(1,6)<$B$5, IF($B$13=1,IF(RANDBETWEEN(1,6)<$B$5,0,1),0), IF(RANDBETWEEN(1,6)>=($B$6-$B$7+$B$15),0, IF($B$8>0,IF(RANDBETWEEN(1,6)>=$B$8,0, IF($B$9=1,$B$10,IF($B$9=2,RANDBETWEEN(1,3),RANDBETWEEN(1,6)))), IF($B$9=1,$B$10,IF($B$9=2,RANDBETWEEN(1,3),RANDBETWEEN(1,6)))))))) -> 0 | W1119: =IF(21>$B$3,0, IF(RANDBETWEEN(1,6)+$B$14<$B$4, IF($B$12=1,IF(RANDBETWEEN(1,6)+$B$14<$B$4,0,1),0), IF($B$11=1,IF(RANDBETWEEN(1,6)=6,1,0),0)+ IF(RANDBETWEEN(1,6)<$B$5, IF($B$13=1,IF(RANDBETWEEN(1,6)<$B$5,0,1),0), IF(RANDBETWEEN(1,6)>=($B$6-$B$7+$B$15),0, IF($B$8>0,IF(RANDBETWEEN(1,6)>=$B$8,0, IF($B$9=1,$B$10,IF($B$9=2,RANDBETWEEN(1,3),RANDBETWEEN(1,6)))), IF($B$9=1,$B$10,IF($B$9=2,RANDBETWEEN(1,3),RANDBETWEEN(1,6)))))))) -> 0 | X1119: =IF(22>$B$3,0, IF(RANDBETWEEN(1,6)+$B$14<$B$4, IF($B$12=1,IF(RANDBETWEEN(1,6)+$B$14<$B$4,0,1),0), IF($B$11=1,IF(RANDBETWEEN(1,6)=6,1,0),0)+ IF(RANDBETWEEN(1,6)<$B$5, IF($B$13=1,IF(RANDBETWEEN(1,6)<$B$5,0,1),0), IF(RANDBETWEEN(1,6)>=($B$6-$B$7+$B$15),0, IF($B$8>0,IF(RANDBETWEEN(1,6)>=$B$8,0, IF($B$9=1,$B$10,IF($B$9=2,RANDBETWEEN(1,3),RANDBETWEEN(1,6)))), IF($B$9=1,$B$10,IF($B$9=2,RANDBETWEEN(1,3),RANDBETWEEN(1,6)))))))) -> 0 | Y1119: =IF(23>$B$3,0, IF(RANDBETWEEN(1,6)+$B$14<$B$4, IF($B$12=1,IF(RANDBETWEEN(1,6)+$B$14<$B$4,0,1),0), IF($B$11=1,IF(RANDBETWEEN(1,6)=6,1,0),0)+ IF(RANDBETWEEN(1,6)<$B$5, IF($B$13=1,IF(RANDBETWEEN(1,6)<$B$5,0,1),0), IF(RANDBETWEEN(1,6)>=($B$6-$B$7+$B$15),0, IF($B$8>0,IF(RANDBETWEEN(1,6)>=$B$8,0, IF($B$9=1,$B$10,IF($B$9=2,RANDBETWEEN(1,3),RANDBETWEEN(1,6)))), IF($B$9=1,$B$10,IF($B$9=2,RANDBETWEEN(1,3),RANDBETWEEN(1,6)))))))) -> 0 | Z1119: =IF(24>$B$3,0, IF(RANDBETWEEN(1,6)+$B$14<$B$4, IF($B$12=1,IF(RANDBETWEEN(1,6)+$B$14<$B$4,0,1),0), IF($B$11=1,IF(RANDBETWEEN(1,6)=6,1,0),0)+ IF(RANDBETWEEN(1,6)<$B$5, IF($B$13=1,IF(RANDBETWEEN(1,6)<$B$5,0,1),0), IF(RANDBETWEEN(1,6)>=($B$6-$B$7+$B$15),0, IF($B$8>0,IF(RANDBETWEEN(1,6)>=$B$8,0, IF($B$9=1,$B$10,IF($B$9=2,RANDBETWEEN(1,3),RANDBETWEEN(1,6)))), IF($B$9=1,$B$10,IF($B$9=2,RANDBETWEEN(1,3),RANDBETWEEN(1,6)))))))) -> 0 | AA1119: =IF(25>$B$3,0, IF(RANDBETWEEN(1,6)+$B$14<$B$4, IF($B$12=1,IF(RANDBETWEEN(1,6)+$B$14<$B$4,0,1),0), IF($B$11=1,IF(RANDBETWEEN(1,6)=6,1,0),0)+ IF(RANDBETWEEN(1,6)<$B$5, IF($B$13=1,IF(RANDBETWEEN(1,6)<$B$5,0,1),0), IF(RANDBETWEEN(1,6)>=($B$6-$B$7+$B$15),0, IF($B$8>0,IF(RANDBETWEEN(1,6)>=$B$8,0, IF($B$9=1,$B$10,IF($B$9=2,RANDBETWEEN(1,3),RANDBETWEEN(1,6)))), IF($B$9=1,$B$10,IF($B$9=2,RANDBETWEEN(1,3),RANDBETWEEN(1,6)))))))) -> 0 | AB1119: =IF(26>$B$3,0, IF(RANDBETWEEN(1,6)+$B$14<$B$4, IF($B$12=1,IF(RANDBETWEEN(1,6)+$B$14<$B$4,0,1),0), IF($B$11=1,IF(RANDBETWEEN(1,6)=6,1,0),0)+ IF(RANDBETWEEN(1,6)<$B$5, IF($B$13=1,IF(RANDBETWEEN(1,6)<$B$5,0,1),0), IF(RANDBETWEEN(1,6)>=($B$6-$B$7+$B$15),0, IF($B$8>0,IF(RANDBETWEEN(1,6)>=$B$8,0, IF($B$9=1,$B$10,IF($B$9=2,RANDBETWEEN(1,3),RANDBETWEEN(1,6)))), IF($B$9=1,$B$10,IF($B$9=2,RANDBETWEEN(1,3),RANDBETWEEN(1,6)))))))) -> 0 | AC1119: =IF(27>$B$3,0, IF(RANDBETWEEN(1,6)+$B$14<$B$4, IF($B$12=1,IF(RANDBETWEEN(1,6)+$B$14<$B$4,0,1),0), IF($B$11=1,IF(RANDBETWEEN(1,6)=6,1,0),0)+ IF(RANDBETWEEN(1,6)<$B$5, IF($B$13=1,IF(RANDBETWEEN(1,6)<$B$5,0,1),0), IF(RANDBETWEEN(1,6)>=($B$6-$B$7+$B$15),0, IF($B$8>0,IF(RANDBETWEEN(1,6)>=$B$8,0, IF($B$9=1,$B$10,IF($B$9=2,RANDBETWEEN(1,3),RANDBETWEEN(1,6)))), IF($B$9=1,$B$10,IF($B$9=2,RANDBETWEEN(1,3),RANDBETWEEN(1,6)))))))) -> 0 | AD1119: =IF(28>$B$3,0, IF(RANDBETWEEN(1,6)+$B$14<$B$4, IF($B$12=1,IF(RANDBETWEEN(1,6)+$B$14<$B$4,0,1),0), IF($B$11=1,IF(RANDBETWEEN(1,6)=6,1,0),0)+ IF(RANDBETWEEN(1,6)<$B$5, IF($B$13=1,IF(RANDBETWEEN(1,6)<$B$5,0,1),0), IF(RANDBETWEEN(1,6)>=($B$6-$B$7+$B$15),0, IF($B$8>0,IF(RANDBETWEEN(1,6)>=$B$8,0, IF($B$9=1,$B$10,IF($B$9=2,RANDBETWEEN(1,3),RANDBETWEEN(1,6)))), IF($B$9=1,$B$10,IF($B$9=2,RANDBETWEEN(1,3),RANDBETWEEN(1,6)))))))) -> 0 | AE1119: =IF(29>$B$3,0, IF(RANDBETWEEN(1,6)+$B$14<$B$4, IF($B$12=1,IF(RANDBETWEEN(1,6)+$B$14<$B$4,0,1),0), IF($B$11=1,IF(RANDBETWEEN(1,6)=6,1,0),0)+ IF(RANDBETWEEN(1,6)<$B$5, IF($B$13=1,IF(RANDBETWEEN(1,6)<$B$5,0,1),0), IF(RANDBETWEEN(1,6)>=($B$6-$B$7+$B$15),0, IF($B$8>0,IF(RANDBETWEEN(1,6)>=$B$8,0, IF($B$9=1,$B$10,IF($B$9=2,RANDBETWEEN(1,3),RANDBETWEEN(1,6)))), IF($B$9=1,$B$10,IF($B$9=2,RANDBETWEEN(1,3),RANDBETWEEN(1,6)))))))) -> 0 | AF1119: =IF(30>$B$3,0, IF(RANDBETWEEN(1,6)+$B$14<$B$4, IF($B$12=1,IF(RANDBETWEEN(1,6)+$B$14<$B$4,0,1),0), IF($B$11=1,IF(RANDBETWEEN(1,6)=6,1,0),0)+ IF(RANDBETWEEN(1,6)<$B$5, IF($B$13=1,IF(RANDBETWEEN(1,6)<$B$5,0,1),0), IF(RANDBETWEEN(1,6)>=($B$6-$B$7+$B$15),0, IF($B$8>0,IF(RANDBETWEEN(1,6)>=$B$8,0, IF($B$9=1,$B$10,IF($B$9=2,RANDBETWEEN(1,3),RANDBETWEEN(1,6)))), IF($B$9=1,$B$10,IF($B$9=2,RANDBETWEEN(1,3),RANDBETWEEN(1,6)))))))) -> 0

Sheet AoS Advanced Simulator TEST
A1: Age of Sigmar Advanced Combat Simulator
A3: UNITA' | B3: 6 Rockgut
A4: Number of Attacks (max 30) | B4: =LOOKUP($B$3,Tabella1[[#Headers],[3 rockgut]:[Knight Azyros]], Foglio2!B2:E2) -> 12 | D4: Average Damage | E4: =AVERAGE(B121:B1120) -> 9.942
A5: Hit roll needed | B5: =LOOKUP($B$3,Tabella1[[#Headers],[3 rockgut]:[Knight Azyros]], Foglio2!B3:E3) -> 4 | D5: Min Damage | E5: =MIN(B121:B1120) -> 0
A6: Wound roll needed | B6: =LOOKUP($B$3,Tabella1[[#Headers],[3 rockgut]:[Knight Azyros]], Foglio2!B4:E4) -> 2 | D6: Max Damage | E6: =MAX(B121:B1120) -> 27
A7: Enemy Save | B7: 3 | D7: Kill Probability | E7: =COUNTIF(B121:B1120,">="&B17)/1000 -> 0.43
A8: Rend | B8: =LOOKUP($B$3,Tabella1[[#Headers],[3 rockgut]:[Knight Azyros]], Foglio2!B6:E6) -> -2
A9: Ward Save (0 if none) | B9: 0
A10: Damage Type (1=Fixed,2=D3,3=D6) | B10: =LOOKUP($B$3,Tabella1[[#Headers],[3 rockgut]:[Knight Azyros]], Foglio2!B8:E8) -> 1
A11: Fixed Damage | B11: =LOOKUP($B$3,Tabella1[[#Headers],[3 rockgut]:[Knight Azyros]], Foglio2!B9:E9) -> 3
A12: Mortal Wound on Hit 6 (0=no,1=yes) | B12: =LOOKUP($B$3,Tabella1[[#Headers],[3 rockgut]:[Knight Azyros]], Foglio2!B10:E10) -> 0
A13: Reroll Hits (0=no,1=yes) | B13: 0
A14: Reroll Wounds (0=no,1=yes) | B14: 0
A15: All-out Attack (0=no,1=yes) | B15: 0
A16: All-out Defense (0=no,1=yes) | B16: 0
A17: Target Wounds (kill probability) | B17: 12
H30: Damage | I30: Frequency
H31: 0 | I31: =COUNTIF(B121:B1120,0) -> 22
H32: 1 | I32: =COUNTIF(B121:B1120,1) -> 0
H33: 2 | I33: =COUNTIF(B121:B1120,2) -> 0
H34: 3 | I34: =COUNTIF(B121:B1120,3) -> 93
H35: 4 | I35: =COUNTIF(B121:B1120,4) -> 0
H36: 5 | I36: =COUNTIF(B121:B1120,5) -> 0
H37: 6 | I37: =COUNTIF(B121:B1120,6) -> 221
H38: 7 | I38: =COUNTIF(B121:B1120,7) -> 0
H39: 8 | I39: =COUNTIF(B121:B1120,8) -> 0
H40: 9 | I40: =COUNTIF(B121:B1120,9) -> 234
H41: 10 | I41: =COUNTIF(B121:B1120,10) -> 0
H42: 11 | I42: =COUNTIF(B121:B1120,11) -> 0
H43: 12 | I43: =COUNTIF(B121:B1120,12) -> 192
H44: 13 | I44: =COUNTIF(B121:B1120,13) -> 0
H45: 14 | I45: =COUNTIF(B121:B1120,14) -> 0
H46: 15 | I46: =COUNTIF(B121:B1120,15) -> 149
H47: 16 | I47: =COUNTIF(B121:B1120,16) -> 0
H48: 17 | I48: =COUNTIF(B121:B1120,17) -> 0
H49: 18 | I49: =COUNTIF(B121:B1120,18) -> 63
H50: 19 | I50: =COUNTIF(B121:B1120,19) -> 0
H51: 20 | I51: =COUNTIF(B121:B1120,20) -> 0
H52: 21 | I52: =COUNTIF(B121:B1120,21) -> 23
H53: 22 | I53: =COUNTIF(B121:B1120,22) -> 0
H54: 23 | I54: =COUNTIF(B121:B1120,23) -> 0
H55: 24 | I55: =COUNTIF(B121:B1120,24) -> 2
H56: 25 | I56: =COUNTIF(B121:B1120,25) -> 0
H57: 26 | I57: =COUNTIF(B121:B1120,26) -> 0
H58: 27 | I58: =COUNTIF(B121:B1120,27) -> 1
H59: 28 | I59: =COUNTIF(B121:B1120,28) -> 0
H60: 29 | I60: =COUNTIF(B121:B1120,29) -> 0
H61: 30 | I61: =COUNTIF(B121:B1120,30) -> 0
H62: 31 | I62: =COUNTIF(B121:B1120,31) -> 0
H63: 32 | I63: =COUNTIF(B121:B1120,32) -> 0
H64: 33 | I64: =COUNTIF(B121:B1120,33) -> 0
H65: 34 | I65: =COUNTIF(B121:B1120,34) -> 0
H66: 35 | I66: =COUNTIF(B121:B1120,35) -> 0
H67: 36 | I67: =COUNTIF(B121:B1120,36) -> 0
H68: 37 | I68: =COUNTIF(B121:B1120,37) -> 0
H69: 38 | I69: =COUNTIF(B121:B1120,38) -> 0
H70: 39 | I70: =COUNTIF(B121:B1120,39) -> 0
H71: 40 | I71: =COUNTIF(B121:B1120,40) -> 0
A120: Sim | B120: TotalDamage | C120: A1 | D120: A2 | E120: A3 | F120: A4 | G120: A5 | H120: A6 | I120: A7 | J120: A8 | K120: A9 | L120: A10 | M120: A11 | N120: A12 | O120: A13 | P120: A14 | Q120: A15 | R120: A16 | S120: A17 | T120: A18 | U120: A19 | V120: A20 | W120: A21 | X120: A22 | Y120: A23 | Z120: A24 | AA120: A25 | AB120: A26 | AC120: A27 | AD120: A28 | AE120: A29 | AF120: A30
A121: 1 | B121: =SUM(C121:AF121) -> 15 | C121: =IF(1>$B$4,0, IF(RANDBETWEEN(1,6)+$B$15<$B$5, IF($B$13=1,IF(RANDBETWEEN(1,6)+$B$15<$B$5,0,1),0), IF($B$12=1,IF(RANDBETWEEN(1,6)=6,1,0),0)+ IF(RANDBETWEEN(1,6)<$B$6, IF($B$14=1,IF(RANDBETWEEN(1,6)<$B$6,0,1),0), IF(RANDBETWEEN(1,6)>=($B$7-$B$8+$B$16),0, IF($B$9>0,IF(RANDBETWEEN(1,6)>=$B$9,0, IF($B$10=1,$B$11,IF($B$10=2,RANDBETWEEN(1,3),RANDBETWEEN(1,6)))), IF($B$10=1,$B$11,IF($B$10=2,RANDBETWEEN(1,3),RANDBETWEEN(1,6)))))))) -> 0 | D121: =IF(2>$B$4,0, IF(RANDBETWEEN(1,6)+$B$15<$B$5, IF($B$13=1,IF(RANDBETWEEN(1,6)+$B$15<$B$5,0,1),0), IF($B$12=1,IF(RANDBETWEEN(1,6)=6,1,0),0)+ IF(RANDBETWEEN(1,6)<$B$6, IF($B$14=1,IF(RANDBETWEEN(1,6)<$B$6,0,1),0), IF(RANDBETWEEN(1,6)>=($B$7-$B$8+$B$16),0, IF($B$9>0,IF(RANDBETWEEN(1,6)>=$B$9,0, IF($B$10=1,$B$11,IF($B$10=2,RANDBETWEEN(1,3),RANDBETWEEN(1,6)))), IF($B$10=1,$B$11,IF($B$10=2,RANDBETWEEN(1,3),RANDBETWEEN(1,6)))))))) -> 0 | E121: =IF(3>$B$4,0, IF(RANDBETWEEN(1,6)+$B$15<$B$5, IF($B$13=1,IF(RANDBETWEEN(1,6)+$B$15<$B$5,0,1),0), IF($B$12=1,IF(RANDBETWEEN(1,6)=6,1,0),0)+ IF(RANDBETWEEN(1,6)<$B$6, IF($B$14=1,IF(RANDBETWEEN(1,6)<$B$6,0,1),0), IF(RANDBETWEEN(1,6)>=($B$7-$B$8+$B$16),0, IF($B$9>0,IF(RANDBETWEEN(1,6)>=$B$9,0, IF($B$10=1,$B$11,IF($B$10=2,RANDBETWEEN(1,3),RANDBETWEEN(1,6)))), IF($B$10=1,$B$11,IF($B$10=2,RANDBETWEEN(1,3),RANDBETWEEN(1,6)))))))) -> 3 | F121: =IF(4>$B$4,0, IF(RANDBETWEEN(1,6)+$B$15<$B$5, IF($B$13=1,IF(RANDBETWEEN(1,6)+$B$15<$B$5,0,1),0), IF($B$12=1,IF(RANDBETWEEN(1,6)=6,1,0),0)+ IF(RANDBETWEEN(1,6)<$B$6, IF($B$14=1,IF(RANDBETWEEN(1,6)<$B$6,0,1),0), IF(RANDBETWEEN(1,6)>=($B$7-$B$8+$B$16),0, IF($B$9>0,IF(RANDBETWEEN(1,6)>=$B$9,0, IF($B$10=1,$B$11,IF($B$10=2,RANDBETWEEN(1,3),RANDBETWEEN(1,6)))), IF($B$10=1,$B$11,IF($B$10=2,RANDBETWEEN(1,3),RANDBETWEEN(1,6)))))))) -> 3 | G121: =IF(5>$B$4,0, IF(RANDBETWEEN(1,6)+$B$15<$B$5, IF($B$13=1,IF(RANDBETWEEN(1,6)+$B$15<$B$5,0,1),0), IF($B$12=1,IF(RANDBETWEEN(1,6)=6,1,0),0)+ IF(RANDBETWEEN(1,6)<$B$6, IF($B$14=1,IF(RANDBETWEEN(1,6)<$B$6,0,1),0), IF(RANDBETWEEN(1,6)>=($B$7-$B$8+$B$16),0, IF($B$9>0,IF(RANDBETWEEN(1,6)>=$B$9,0, IF($B$10=1,$B$11,IF($B$10=2,RANDBETWEEN(1,3),RANDBETWEEN(1,6)))), IF($B$10=1,$B$11,IF($B$10=2,RANDBETWEEN(1,3),RANDBETWEEN(1,6)))))))) -> 3 | H121: =IF(6>$B$4,0, IF(RANDBETWEEN(1,6)+$B$15<$B$5, IF($B$13=1,IF(RANDBETWEEN(1,6)+$B$15<$B$5,0,1),0), IF($B$12=1,IF(RANDBETWEEN(1,6)=6,1,0),0)+ IF(RANDBETWEEN(1,6)<$B$6, IF($B$14=1,IF(RANDBETWEEN(1,6)<$B$6,0,1),0), IF(RANDBETWEEN(1,6)>=($B$7-$B$8+$B$16),0, IF($B$9>0,IF(RANDBETWEEN(1,6)>=$B$9,0, IF($B$10=1,$B$11,IF($B$10=2,RANDBETWEEN(1,3),RANDBETWEEN(1,6)))), IF($B$10=1,$B$11,IF($B$10=2,RANDBETWEEN(1,3),RANDBETWEEN(1,6)))))))) -> 3 | I121: =IF(7>$B$4,0, IF(RANDBETWEEN(1,6)+$B$15<$B$5, IF($B$13=1,IF(RANDBETWEEN(1,6)+$B$15<$B$5,0,1),0), IF($B$12=1,IF(RANDBETWEEN(1,6)=6,1,0),0)+ IF(RANDBETWEEN(1,6)<$B$6, IF($B$14=1,IF(RANDBETWEEN(1,6)<$B$6,0,1),0), IF(RANDBETWEEN(1,6)>=($B$7-$B$8+$B$16),0, IF($B$9>0,IF(RANDBETWEEN(1,6)>=$B$9,0, IF($B$10=1,$B$11,IF($B$10=2,RANDBETWEEN(1,3),RANDBETWEEN(1,6)))), IF($B$10=1,$B$11,IF($B$10=2,RANDBETWEEN(1,3),RANDBETWEEN(1,6)))))))) -> 3 | J121: =IF(8>$B$4,0, IF(RANDBETWEEN(1,6)+$B$15<$B$5, IF($B$13=1,IF(RANDBETWEEN(1,6)+$B$15<$B$5,0,1),0), IF($B$12=1,IF(RANDBETWEEN(1,6)=6,1,0),0)+ IF(RANDBETWEEN(1,6)<$B$6, IF($B$14=1,IF(RANDBETWEEN(1,6)<$B$6,0,1),0), IF(RANDBETWEEN(1,6)>=($B$7-$B$8+$B$16),0, IF($B$9>0,IF(RANDBETWEEN(1,6)>=$B$9,0, IF($B$10=1,$B$11,IF($B$10=2,RANDBETWEEN(1,3),RANDBETWEEN(1,6)))), IF($B$10=1,$B$11,IF($B$10=2,RANDBETWEEN(1,3),RANDBETWEEN(1,6)))))))) -> 0 | K121: =IF(9>$B$4,0, IF(RANDBETWEEN(1,6)+$B$15<$B$5, IF($B$13=1,IF(RANDBETWEEN(1,6)+$B$15<$B$5,0,1),0), IF($B$12=1,IF(RANDBETWEEN(1,6)=6,1,0),0)+ IF(RANDBETWEEN(1,6)<$B$6, IF($B$14=1,IF(RANDBETWEEN(1,6)<$B$6,0,1),0), IF(RANDBETWEEN(1,6)>=($B$7-$B$8+$B$16),0, IF($B$9>0,IF(RANDBETWEEN(1,6)>=$B$9,0, IF($B$10=1,$B$11,IF($B$10=2,RANDBETWEEN(1,3),RANDBETWEEN(1,6)))), IF($B$10=1,$B$11,IF($B$10=2,RANDBETWEEN(1,3),RANDBETWEEN(1,6)))))))) -> 0 | L121: =IF(10>$B$4,0, IF(RANDBETWEEN(1,6)+$B$15<$B$5, IF($B$13=1,IF(RANDBETWEEN(1,6)+$B$15<$B$5,0,1),0), IF($B$12=1,IF(RANDBETWEEN(1,6)=6,1,0),0)+ IF(RANDBETWEEN(1,6)<$B$6, IF($B$14=1,IF(RANDBETWEEN(1,6)<$B$6,0,1),0), IF(RANDBETWEEN(1,6)>=($B$7-$B$8+$B$16),0, IF($B$9>0,IF(RANDBETWEEN(1,6)>=$B$9,0, IF($B$10=1,$B$11,IF($B$10=2,RANDBETWEEN(1,3),RANDBETWEEN(1,6)))), IF($B$10=1,$B$11,IF($B$10=2,RANDBETWEEN(1,3),RANDBETWEEN(1,6)))))))) -> 0 | M121: =IF(11>$B$4,0, IF(RANDBETWEEN(1,6)+$B$15<$B$5, IF($B$13=1,IF(RANDBETWEEN(1,6)+$B$15<$B$5,0,1),0), IF($B$12=1,IF(RANDBETWEEN(1,6)=6,1,0),0)+ IF(RANDBETWEEN(1,6)<$B$6, IF($B$14=1,IF(RANDBETWEEN(1,6)<$B$6,0,1),0), IF(RANDBETWEEN(1,6)>=($B$7-$B$8+$B$16),0, IF($B$9>0,IF(RANDBETWEEN(1,6)>=$B$9,0, IF($B$10=1,$B$11,IF($B$10=2,RANDBETWEEN(1,3),RANDBETWEEN(1,6)))), IF($B$10=1,$B$11,IF($B$10=2,RANDBETWEEN(1,3),RANDBETWEEN(1,6)))))))) -> 0 | N121: =IF(12>$B$4,0, IF(RANDBETWEEN(1,6)+$B$15<$B$5, IF($B$13=1,IF(RANDBETWEEN(1,6)+$B$15<$B$5,0,1),0), IF($B$12=1,IF(RANDBETWEEN(1,6)=6,1,0),0)+ IF(RANDBETWEEN(1,6)<$B$6, IF($B$14=1,IF(RANDBETWEEN(1,6)<$B$6,0,1),0), IF(RANDBETWEEN(1,6)>=($B$7-$B$8+$B$16),0, IF($B$9>0,IF(RANDBETWEEN(1,6)>=$B$9,0, IF($B$10=1,$B$11,IF($B$10=2,RANDBETWEEN(1,3),RANDBETWEEN(1,6)))), IF($B$10=1,$B$11,IF($B$10=2,RANDBETWEEN(1,3),RANDBETWEEN(1,6)))))))) -> 0 | O121: =IF(13>$B$4,0, IF(RANDBETWEEN(1,6)+$B$15<$B$5, IF($B$13=1,IF(RANDBETWEEN(1,6)+$B$15<$B$5,0,1),0), IF($B$12=1,IF(RANDBETWEEN(1,6)=6,1,0),0)+ IF(RANDBETWEEN(1,6)<$B$6, IF($B$14=1,IF(RANDBETWEEN(1,6)<$B$6,0,1),0), IF(RANDBETWEEN(1,6)>=($B$7-$B$8+$B$16),0, IF($B$9>0,IF(RANDBETWEEN(1,6)>=$B$9,0, IF($B$10=1,$B$11,IF($B$10=2,RANDBETWEEN(1,3),RANDBETWEEN(1,6)))), IF($B$10=1,$B$11,IF($B$10=2,RANDBETWEEN(1,3),RANDBETWEEN(1,6)))))))) -> 0 | P121: =IF(14>$B$4,0, IF(RANDBETWEEN(1,6)+$B$15<$B$5, IF($B$13=1,IF(RANDBETWEEN(1,6)+$B$15<$B$5,0,1),0), IF($B$12=1,IF(RANDBETWEEN(1,6)=6,1,0),0)+ IF(RANDBETWEEN(1,6)<$B$6, IF($B$14=1,IF(RANDBETWEEN(1,6)<$B$6,0,1),0), IF(RANDBETWEEN(1,6)>=($B$7-$B$8+$B$16),0, IF($B$9>0,IF(RANDBETWEEN(1,6)>=$B$9,0, IF($B$10=1,$B$11,IF($B$10=2,RANDBETWEEN(1,3),RANDBETWEEN(1,6)))), IF($B$10=1,$B$11,IF($B$10=2,RANDBETWEEN(1,3),RANDBETWEEN(1,6)))))))) -> 0 | Q121: =IF(15>$B$4,0, IF(RANDBETWEEN(1,6)+$B$15<$B$5, IF($B$13=1,IF(RANDBETWEEN(1,6)+$B$15<$B$5,0,1),0), IF($B$12=1,IF(RANDBETWEEN(1,6)=6,1,0),0)+ IF(RANDBETWEEN(1,6)<$B$6, IF($B$14=1,IF(RANDBETWEEN(1,6)<$B$6,0,1),0), IF(RANDBETWEEN(1,6)>=($B$7-$B$8+$B$16),0, IF($B$9>0,IF(RANDBETWEEN(1,6)>=$B$9,0, IF($B$10=1,$B$11,IF($B$10=2,RANDBETWEEN(1,3),RANDBETWEEN(1,6)))), IF($B$10=1,$B$11,IF($B$10=2,RANDBETWEEN(1,3),RANDBETWEEN(1,6)))))))) -> 0 | R121: =IF(16>$B$4,0, IF(RANDBETWEEN(1,6)+$B$15<$B$5, IF($B$13=1,IF(RANDBETWEEN(1,6)+$B$15<$B$5,0,1),0), IF($B$12=1,IF(RANDBETWEEN(1,6)=6,1,0),0)+ IF(RANDBETWEEN(1,6)<$B$6, IF($B$14=1,IF(RANDBETWEEN(1,6)<$B$6,0,1),0), IF(RANDBETWEEN(1,6)>=($B$7-$B$8+$B$16),0, IF($B$9>0,IF(RANDBETWEEN(1,6)>=$B$9,0, IF($B$10=1,$B$11,IF($B$10=2,RANDBETWEEN(1,3),RANDBETWEEN(1,6)))), IF($B$10=1,$B$11,IF($B$10=2,RANDBETWEEN(1,3),RANDBETWEEN(1,6)))))))) -> 0 | S121: =IF(17>$B$4,0, IF(RANDBETWEEN(1,6)+$B$15<$B$5, IF($B$13=1,IF(RANDBETWEEN(1,6)+$B$15<$B$5,0,1),0), IF($B$12=1,IF(RANDBETWEEN(1,6)=6,1,0),0)+ IF(RANDBETWEEN(1,6)<$B$6, IF($B$14=1,IF(RANDBETWEEN(1,6)<$B$6,0,1),0), IF(RANDBETWEEN(1,6)>=($B$7-$B$8+$B$16),0, IF($B$9>0,IF(RANDBETWEEN(1,6)>=$B$9,0, IF($B$10=1,$B$11,IF($B$10=2,RANDBETWEEN(1,3),RANDBETWEEN(1,6)))), IF($B$10=1,$B$11,IF($B$10=2,RANDBETWEEN(1,3),RANDBETWEEN(1,6)))))))) -> 0 | T121: =IF(18>$B$4,0, IF(RANDBETWEEN(1,6)+$B$15<$B$5, IF($B$13=1,IF(RANDBETWEEN(1,6)+$B$15<$B$5,0,1),0), IF($B$12=1,IF(RANDBETWEEN(1,6)=6,1,0),0)+ IF(RANDBETWEEN(1,6)<$B$6, IF($B$14=1,IF(RANDBETWEEN(1,6)<$B$6,0,1),0), IF(RANDBETWEEN(1,6)>=($B$7-$B$8+$B$16),0, IF($B$9>0,IF(RANDBETWEEN(1,6)>=$B$9,0, IF($B$10=1,$B$11,IF($B$10=2,RANDBETWEEN(1,3),RANDBETWEEN(1,6)))), IF($B$10=1,$B$11,IF($B$10=2,RANDBETWEEN(1,3),RANDBETWEEN(1,6)))))))) -> 0 | U121: =IF(19>$B$4,0, IF(RANDBETWEEN(1,6)+$B$15<$B$5, IF($B$13=1,IF(RANDBETWEEN(1,6)+$B$15<$B$5,0,1),0), IF($B$12=1,IF(RANDBETWEEN(1,6)=6,1,0),0)+ IF(RANDBETWEEN(1,6)<$B$6, IF($B$14=1,IF(RANDBETWEEN(1,6)<$B$6,0,1),0), IF(RANDBETWEEN(1,6)>=($B$7-$B$8+$B$16),0, IF($B$9>0,IF(RANDBETWEEN(1,6)>=$B$9,0, IF($B$10=1,$B$11,IF($B$10=2,RANDBETWEEN(1,3),RANDBETWEEN(1,6)))), IF($B$10=1,$B$11,IF($B$10=2,RANDBETWEEN(1,3),RANDBETWEEN(1,6)))))))) -> 0 | V121: =IF(20>$B$4,0, IF(RANDBETWEEN(1,6)+$B$15<$B$5, IF($B$13=1,IF(RANDBETWEEN(1,6)+$B$15<$B$5,0,1),0), IF($B$12=1,IF(RANDBETWEEN(1,6)=6,1,0),0)+ IF(RANDBETWEEN(1,6)<$B$6, IF($B$14=1,IF(RANDBETWEEN(1,6)<$B$6,0,1),0), IF(RANDBETWEEN(1,6)>=($B$7-$B$8+$B$16),0, IF($B$9>0,IF(RANDBETWEEN(1,6)>=$B$9,0, IF($B$10=1,$B$11,IF($B$10=2,RANDBETWEEN(1,3),RANDBETWEEN(1,6)))), IF($B$10=1,$B$11,IF($B$10=2,RANDBETWEEN(1,3),RANDBETWEEN(1,6)))))))) -> 0 | W121: =IF(21>$B$4,0, IF(RANDBETWEEN(1,6)+$B$15<$B$5, IF($B$13=1,IF(RANDBETWEEN(1,6)+$B$15<$B$5,0,1),0), IF($B$12=1,IF(RANDBETWEEN(1,6)=6,1,0),0)+ IF(RANDBETWEEN(1,6)<$B$6, IF($B$14=1,IF(RANDBETWEEN(1,6)<$B$6,0,1),0), IF(RANDBETWEEN(1,6)>=($B$7-$B$8+$B$16),0, IF($B$9>0,IF(RANDBETWEEN(1,6)>=$B$9,0, IF($B$10=1,$B$11,IF($B$10=2,RANDBETWEEN(1,3),RANDBETWEEN(1,6)))), IF($B$10=1,$B$11,IF($B$10=2,RANDBETWEEN(1,3),RANDBETWEEN(1,6)))))))) -> 0 | X121: =IF(22>$B$4,0, IF(RANDBETWEEN(1,6)+$B$15<$B$5, IF($B$13=1,IF(RANDBETWEEN(1,6)+$B$15<$B$5,0,1),0), IF($B$12=1,IF(RANDBETWEEN(1,6)=6,1,0),0)+ IF(RANDBETWEEN(1,6)<$B$6, IF($B$14=1,IF(RANDBETWEEN(1,6)<$B$6,0,1),0), IF(RANDBETWEEN(1,6)>=($B$7-$B$8+$B$16),0, IF($B$9>0,IF(RANDBETWEEN(1,6)>=$B$9,0, IF($B$10=1,$B$11,IF($B$10=2,RANDBETWEEN(1,3),RANDBETWEEN(1,6)))), IF($B$10=1,$B$11,IF($B$10=2,RANDBETWEEN(1,3),RANDBETWEEN(1,6)))))))) -> 0 | Y121: =IF(23>$B$4,0, IF(RANDBETWEEN(1,6)+$B$15<$B$5, IF($B$13=1,IF(RANDBETWEEN(1,6)+$B$15<$B$5,0,1),0), IF($B$12=1,IF(RANDBETWEEN(1,6)=6,1,0),0)+ IF(RANDBETWEEN(1,6)<$B$6, IF($B$14=1,IF(RANDBETWEEN(1,6)<$B$6,0,1),0), IF(RANDBETWEEN(1,6)>=($B$7-$B$8+$B$16),0, IF($B$9>0,IF(RANDBETWEEN(1,6)>=$B$9,0, IF($B$10=1,$B$11,IF($B$10=2,RANDBETWEEN(1,3),RANDBETWEEN(1,6)))), IF($B$10=1,$B$11,IF($B$10=2,RANDBETWEEN(1,3),RANDBETWEEN(1,6)))))))) -> 0 | Z121: =IF(24>$B$4,0, IF(RANDBETWEEN(1,6)+$B$15<$B$5, IF($B$13=1,IF(RANDBETWEEN(1,6)+$B$15<$B$5,0,1),0), IF($B$12=1,IF(RANDBETWEEN(1,6)=6,1,0),0)+ IF(RANDBETWEEN(1,6)<$B$6, IF($B$14=1,IF(RANDBETWEEN(1,6)<$B$6,0,1),0), IF(RANDBETWEEN(1,6)>=($B$7-$B$8+$B$16),0, IF($B$9>0,IF(RANDBETWEEN(1,6)>=$B$9,0, IF($B$10=1,$B$11,IF($B$10=2,RANDBETWEEN(1,3),RANDBETWEEN(1,6)))), IF($B$10=1,$B$11,IF($B$10=2,RANDBETWEEN(1,3),RANDBETWEEN(1,6)))))))) -> 0 | AA121: =IF(25>$B$4,0, IF(RANDBETWEEN(1,6)+$B$15<$B$5, IF($B$13=1,IF(RANDBETWEEN(1,6)+$B$15<$B$5,0,1),0), IF($B$12=1,IF(RANDBETWEEN(1,6)=6,1,0),0)+ IF(RANDBETWEEN(1,6)<$B$6, IF($B$14=1,IF(RANDBETWEEN(1,6)<$B$6,0,1),0), IF(RANDBETWEEN(1,6)>=($B$7-$B$8+$B$16),0, IF($B$9>0,IF(RANDBETWEEN(1,6)>=$B$9,0, IF($B$10=1,$B$11,IF($B$10=2,RANDBETWEEN(1,3),RANDBETWEEN(1,6)))), IF($B$10=1,$B$11,IF($B$10=2,RANDBETWEEN(1,3),RANDBETWEEN(1,6)))))))) -> 0 | AB121: =IF(26>$B$4,0, IF(RANDBETWEEN(1,6)+$B$15<$B$5, IF($B$13=1,IF(RANDBETWEEN(1,6)+$B$15<$B$5,0,1),0), IF($B$12=1,IF(RANDBETWEEN(1,6)=6,1,0),0)+ IF(RANDBETWEEN(1,6)<$B$6, IF($B$14=1,IF(RANDBETWEEN(1,6)<$B$6,0,1),0), IF(RANDBETWEEN(1,6)>=($B$7-$B$8+$B$16),0, IF($B$9>0,IF(RANDBETWEEN(1,6)>=$B$9,0, IF($B$10=1,$B$11,IF($B$10=2,RANDBETWEEN(1,3),RANDBETWEEN(1,6)))), IF($B$10=1,$B$11,IF($B$10=2,RANDBETWEEN(1,3),RANDBETWEEN(1,6)))))))) -> 0 | AC121: =IF(27>$B$4,0, IF(RANDBETWEEN(1,6)+$B$15<$B$5, IF($B$13=1,IF(RANDBETWEEN(1,6)+$B$15<$B$5,0,1),0), IF($B$12=1,IF(RANDBETWEEN(1,6)=6,1,0),0)+ IF(RANDBETWEEN(1,6)<$B$6, IF($B$14=1,IF(RANDBETWEEN(1,6)<$B$6,0,1),0), IF(RANDBETWEEN(1,6)>=($B$7-$B$8+$B$16),0, IF($B$9>0,IF(RANDBETWEEN(1,6)>=$B$9,0, IF($B$10=1,$B$11,IF($B$10=2,RANDBETWEEN(1,3),RANDBETWEEN(1,6)))), IF($B$10=1,$B$11,IF($B$10=2,RANDBETWEEN(1,3),RANDBETWEEN(1,6)))))))) -> 0 | AD121: =IF(28>$B$4,0, IF(RANDBETWEEN(1,6)+$B$15<$B$5, IF($B$13=1,IF(RANDBETWEEN(1,6)+$B$15<$B$5,0,1),0), IF($B$12=1,IF(RANDBETWEEN(1,6)=6,1,0),0)+ IF(RANDBETWEEN(1,6)<$B$6, IF($B$14=1,IF(RANDBETWEEN(1,6)<$B$6,0,1),0), IF(RANDBETWEEN(1,6)>=($B$7-$B$8+$B$16),0, IF($B$9>0,IF(RANDBETWEEN(1,6)>=$B$9,0, IF($B$10=1,$B$11,IF($B$10=2,RANDBETWEEN(1,3),RANDBETWEEN(1,6)))), IF($B$10=1,$B$11,IF($B$10=2,RANDBETWEEN(1,3),RANDBETWEEN(1,6)))))))) -> 0 | AE121: =IF(29>$B$4,0, IF(RANDBETWEEN(1,6)+$B$15<$B$5, IF($B$13=1,IF(RANDBETWEEN(1,6)+$B$15<$B$5,0,1),0), IF($B$12=1,IF(RANDBETWEEN(1,6)=6,1,0),0)+ IF(RANDBETWEEN(1,6)<$B$6, IF($B$14=1,IF(RANDBETWEEN(1,6)<$B$6,0,1),0), IF(RANDBETWEEN(1,6)>=($B$7-$B$8+$B$16),0, IF($B$9>0,IF(RANDBETWEEN(1,6)>=$B$9,0, IF($B$10=1,$B$11,IF($B$10=2,RANDBETWEEN(1,3),RANDBETWEEN(1,6)))), IF($B$10=1,$B$11,IF($B$10=2,RANDBETWEEN(1,3),RANDBETWEEN(1,6)))))))) -> 0 | AF121: =IF(30>$B$4,0, IF(RANDBETWEEN(1,6)+$B$15<$B$5, IF($B$13=1,IF(RANDBETWEEN(1,6)+$B$15<$B$5,0,1),0), IF($B$12=1,IF(RANDBETWEEN(1,6)=6,1,0),0)+ IF(RANDBETWEEN(1,6)<$B$6, IF($B$14=1,IF(RANDBETWEEN(1,6)<$B$6,0,1),0), IF(RANDBETWEEN(1,6)>=($B$7-$B$8+$B$16),0, IF($B$9>0,IF(RANDBETWEEN(1,6)>=$B$9,0, IF($B$10=1,$B$11,IF($B$10=2,RANDBETWEEN(1,3),RANDBETWEEN(1,6)))), IF($B$10=1,$B$11,IF($B$10=2,RANDBETWEEN(1,3),RANDBETWEEN(1,6)))))))) -> 0
